Date,Dow Jones Commodity Index
2014/12/31,560.54
2015/1/2,557.83
2015/1/5,557.18
2015/1/6,557
2015/1/7,553.69
2015/1/8,553.87
2015/1/9,554.39
2015/1/12,544.27
2015/1/13,540.09
2015/1/14,545.06
2015/1/15,541.17
2015/1/16,549.7
2015/1/20,540.23
2015/1/21,546.21
2015/1/22,540.24
2015/1/23,537.59
2015/1/26,535.87
2015/1/27,538.16
2015/1/28,532.8
2015/1/29,525.78
2015/1/30,537.34
2015/2/2,541.03
2015/2/3,557.05
2015/2/4,543.94
2015/2/5,549.23
2015/2/6,551.07
2015/2/9,557.74
2015/2/10,550.13
2015/2/11,548.36
2015/2/12,557.78
2015/2/13,566.1
2015/2/17,563.93
2015/2/18,560.22
2015/2/19,559.78
2015/2/20,557.16
2015/2/23,551.37
2015/2/24,553.1
2015/2/25,557.04
2015/2/26,553.13
2015/2/27,560.31
2015/3/2,552.69
2015/3/3,554.09
2015/3/4,554.26
2015/3/5,552.71
2015/3/6,548.24
2015/3/9,547.56
2015/3/10,540.87
2015/3/11,543
2015/3/12,541.8
2015/3/13,533.58
2015/3/16,531.03
2015/3/17,528.5
2015/3/18,534.73
2015/3/19,533.82
2015/3/20,542.94
2015/3/23,546.76
2015/3/24,546.31
2015/3/25,548.28
2015/3/26,553.39
2015/3/27,543.72
2015/3/30,543.11
2015/3/31,536.93
2015/4/1,546.7
2015/4/2,544.48
2015/4/6,552.29
2015/4/7,555.36
2015/4/8,544.54
2015/4/9,543.24
2015/4/10,548.2
2015/4/13,546.69
2015/4/14,550.92
2015/4/15,560.33
2015/4/16,565.46
2015/4/17,563.06
2015/4/20,559.75
2015/4/21,557.29
2015/4/22,556.51
2015/4/23,561.12
2015/4/24,560.83
2015/4/27,561.51
2015/4/28,563.84
2015/4/29,569.82
2015/4/30,574.59
2015/5/1,572.28
2015/5/4,573.9
2015/5/5,580.39
2015/5/6,578.95
2015/5/7,571.67
2015/5/8,576.67
2015/5/11,573.34
2015/5/12,580.63
2015/5/13,582.38
2015/5/14,584.7
2015/5/15,583.83
2015/5/18,582.49
2015/5/19,569.71
2015/5/20,570.27
2015/5/21,575.14
2015/5/22,567.7
2015/5/26,558.32
2015/5/27,554.49
2015/5/28,554.91
2015/5/29,558.38
2015/6/1,558.85
2015/6/2,564.81
2015/6/3,558.47
2015/6/4,553.62
2015/6/5,554.46
2015/6/8,557.46
2015/6/9,566.27
2015/6/10,569.3
2015/6/11,562.35
2015/6/12,557.62
2015/6/15,555.39
2015/6/16,557.05
2015/6/17,557.87
2015/6/18,558.5
2015/6/19,553.8
2015/6/22,555.12
2015/6/23,559.9
2015/6/24,557.83
2015/6/25,560.93
2015/6/26,561.97
2015/6/29,559.9
2015/6/30,571.61
2015/7/1,565.59
2015/7/2,567.19
2015/7/6,551.22
2015/7/7,541.3
2015/7/8,543.65
2015/7/9,551.18
2015/7/10,552.67
2015/7/13,554.8
2015/7/14,553.75
2015/7/15,549.2
2015/7/16,546.86
2015/7/17,543.12
2015/7/20,536.22
2015/7/21,536.77
2015/7/22,531.03
2015/7/23,525.26
2015/7/24,519.34
2015/7/27,512.12
2015/7/28,516.96
2015/7/29,518.14
2015/7/30,515.51
2015/7/31,510.43
2015/8/3,503.54
2015/8/4,507.12
2015/8/5,505.44
2015/8/6,503.68
2015/8/7,504.4
2015/8/10,517.14
2015/8/11,507.83
2015/8/12,506.04
2015/8/13,504.57
2015/8/14,503.9
2015/8/17,500.73
2015/8/18,497.98
2015/8/19,493.59
2015/8/20,498.51
2015/8/21,489.92
2015/8/24,479.06
2015/8/25,482.39
2015/8/26,476.01
2015/8/27,490.74
2015/8/28,499.95
2015/8/31,508.39
2015/9/1,497.01
2015/9/2,497.7
2015/9/3,501.46
2015/9/4,495.7
2015/9/8,501.92
2015/9/9,496.69
2015/9/10,502.64
2015/9/11,501.54
2015/9/14,500.51
2015/9/15,500.57
2015/9/16,505.84
2015/9/17,503.46
2015/9/18,495.57
2015/9/21,500.16
2015/9/22,494.21
2015/9/23,491.87
2015/9/24,494.81
2015/9/25,498.02
2015/9/28,491.78
2015/9/29,493.26
2015/9/30,495.51
2015/10/1,491.18
2015/10/2,494.26
2015/10/5,499.58
2015/10/6,507.6
2015/10/7,508.03
2015/10/8,510.18
2015/10/9,515.77
2015/10/12,511.92
2015/10/13,512.32
2015/10/14,512.56
2015/10/15,510.55
2015/10/16,510.41
2015/10/19,503.28
2015/10/20,504.8
2015/10/21,500.83
2015/10/22,501.05
2015/10/23,496.99
2015/10/26,493.77
2015/10/27,491.91
2015/10/28,497.53
2015/10/29,493.56
2015/10/30,496.28
2015/11/2,492.73
2015/11/3,496.94
2015/11/4,491.57
2015/11/5,487.25
2015/11/6,485.53
2015/11/9,481.66
2015/11/10,481.43
2015/11/11,480.41
2015/11/12,476.98
2015/11/13,474.66
2015/11/16,473.8
2015/11/17,470.43
2015/11/18,468.94
2015/11/19,469.7
2015/11/20,467.48
2015/11/23,467.6
2015/11/24,471.63
2015/11/25,472.03
2015/11/27,465.62
2015/11/30,466.4
2015/12/1,468.98
2015/12/2,461.24
2015/12/3,465.75
2015/12/4,468
2015/12/7,456
2015/12/8,455.04
2015/12/9,455.71
2015/12/10,455.49
2015/12/11,452.23
2015/12/14,449.74
2015/12/15,447.7
2015/12/16,444.12
2015/12/17,441.41
2015/12/18,446.63
2015/12/21,448.49
2015/12/22,445.54
2015/12/23,451.41
2015/12/24,452.86
2015/12/28,450.66
2015/12/29,457.09
2015/12/30,451.32
2015/12/31,453.8
2016/1/4,449.7
2016/1/5,448.39
2016/1/6,442.54
2016/1/7,442.63
2016/1/8,443.32
2016/1/11,434.17
2016/1/12,430.55
2016/1/13,432.11
2016/1/14,432.44
2016/1/15,425.49
2016/1/19,425.89
2016/1/20,420.23
2016/1/21,426.37
2016/1/22,436.15
2016/1/25,430.93
2016/1/26,437.61
2016/1/27,441.97
2016/1/28,442.46
2016/1/29,448.75
2016/2/1,441.46
2016/2/2,434.59
2016/2/3,443.97
2016/2/4,442.99
2016/2/5,440.6
2016/2/8,440.86
2016/2/9,432.69
2016/2/10,432.7
2016/2/11,434.16
2016/2/12,444.88
2016/2/16,441.11
2016/2/17,449.63
2016/2/18,448.01
2016/2/19,444.08
2016/2/22,450.4
2016/2/23,443.82
2016/2/24,446.82
2016/2/25,447.21
2016/2/26,446.86
2016/2/29,449.38
2016/3/1,450.48
2016/3/2,453.07
2016/3/3,455.12
2016/3/4,465.02
2016/3/7,472.64
2016/3/8,467.92
2016/3/9,475.89
2016/3/10,475.65
2016/3/11,480.68
2016/3/14,476.49
2016/3/15,472.69
2016/3/16,478.25
2016/3/17,488.7
2016/3/18,485.48
2016/3/21,485.74
2016/3/22,487.89
2016/3/23,477.61
2016/3/24,476.05
2016/3/28,476.53
2016/3/29,474.42
2016/3/30,472.91
2016/3/31,472.28
2016/4/1,466.61
2016/4/4,461.58
2016/4/5,460.32
2016/4/6,465.65
2016/4/7,464.81
2016/4/8,476.34
2016/4/11,478.94
2016/4/12,490.49
2016/4/13,494.24
2016/4/14,490.63
2016/4/15,488.14
2016/4/18,489.83
2016/4/19,502.28
2016/4/20,511.89
2016/4/21,508.66
2016/4/22,506.01
2016/4/25,504.07
2016/4/26,509.75
2016/4/27,512.24
2016/4/28,515.49
2016/4/29,520.25
2016/5/2,515.01
2016/5/3,506.92
2016/5/4,506.28
2016/5/5,502.28
2016/5/6,507.62
2016/5/9,498.06
2016/5/10,509.61
2016/5/11,518.12
2016/5/12,518.6
2016/5/13,516.91
2016/5/16,521.12
2016/5/17,524.82
2016/5/18,522.61
2016/5/19,518.34
2016/5/20,519.45
2016/5/23,516.27
2016/5/24,515.76
2016/5/25,521.9
2016/5/26,522.82
2016/5/27,524.17
2016/5/31,523.92
2016/6/1,527.24
2016/6/2,532.15
2016/6/3,533.74
2016/6/6,540.09
2016/6/7,542.21
2016/6/8,552.32
2016/6/9,552.21
2016/6/10,546.89
2016/6/13,548.82
2016/6/14,546.5
2016/6/15,544.84
2016/6/16,536.02
2016/6/17,545.79
2016/6/20,551.22
2016/6/21,545.88
2016/6/22,542.63
2016/6/23,545.21
2016/6/24,535.35
2016/6/27,533.34
2016/6/28,544.25
2016/6/29,550.52
2016/6/30,548.11
2016/7/1,552.44
2016/7/5,536.26
2016/7/6,536.92
2016/7/7,525
2016/7/8,530.87
2016/7/11,527.85
2016/7/12,538.73
2016/7/13,536.25
2016/7/14,536.94
2016/7/15,534.34
2016/7/18,533.46
2016/7/19,528.15
2016/7/20,524.67
2016/7/21,522.78
2016/7/22,520.09
2016/7/25,515.75
2016/7/26,514.66
2016/7/27,511.1
2016/7/28,511.97
2016/7/29,516.96
2016/8/1,507.83
2016/8/2,506.18
2016/8/3,511.46
2016/8/4,513.09
2016/8/5,514.32
2016/8/8,518.68
2016/8/9,516.26
2016/8/10,514.23
2016/8/11,520.13
2016/8/12,520.93
2016/8/15,528.12
2016/8/16,531.56
2016/8/17,532.7
2016/8/18,538.4
2016/8/19,535.74
2016/8/22,531.92
2016/8/23,534.04
2016/8/24,527.63
2016/8/25,527.27
2016/8/26,526.16
2016/8/29,522.47
2016/8/30,517.47
2016/8/31,512.05
2016/9/1,508.27
2016/9/2,513.65
2016/9/6,515.05
2016/9/7,518.79
2016/9/8,527.8
2016/9/9,522.05
2016/9/12,523.2
2016/9/13,516.62
2016/9/14,515.72
2016/9/15,517.87
2016/9/16,518.54
2016/9/19,520.71
2016/9/20,524.55
2016/9/21,527.8
2016/9/22,531.96
2016/9/23,524.62
2016/9/26,527.32
2016/9/27,522.69
2016/9/28,528.83
2016/9/29,530.89
2016/9/30,532.21
2016/10/3,534.38
2016/10/4,532.55
2016/10/5,536.14
2016/10/6,534.95
2016/10/7,536.39
2016/10/10,543.82
2016/10/11,541.26
2016/10/12,538.35
2016/10/13,543.17
2016/10/14,543.13
2016/10/17,543.11
2016/10/18,543.93
2016/10/19,546.59
2016/10/20,541.29
2016/10/21,541.9
2016/10/24,541.6
2016/10/25,541.43
2016/10/26,539.95
2016/10/27,544.14
2016/10/28,542.47
2016/10/31,536.65
2016/11/1,534.56
2016/11/2,530.14
2016/11/3,528.82
2016/11/4,527.06
2016/11/7,531.8
2016/11/8,534.95
2016/11/9,537.46
2016/11/10,540.12
2016/11/11,533.08
2016/11/14,532.51
2016/11/15,538.73
2016/11/16,535.64
2016/11/17,536.16
2016/11/18,537.57
2016/11/21,550.06
2016/11/22,552.2
2016/11/23,553.85
2016/11/25,552.75
2016/11/28,558.78
2016/11/29,546.22
2016/11/30,557.48
2016/12/1,561.94
2016/12/2,562.74
2016/12/5,572.18
2016/12/6,569.59
2016/12/7,566.1
2016/12/8,567.23
2016/12/9,572.33
2016/12/12,573.28
2016/12/13,572.05
2016/12/14,570.23
2016/12/15,565.28
2016/12/16,567.12
2016/12/19,562.8
2016/12/20,560.16
2016/12/21,561.63
2016/12/22,560.97
2016/12/23,560.13
2016/12/27,568.4
2016/12/28,569.57
2016/12/29,567.91
2016/12/30,567.25
2017/1/3,558.14
2017/1/4,565.77
2017/1/5,567.31
2017/1/6,565.99
2017/1/9,561.32
2017/1/10,565.39
2017/1/11,567.6
2017/1/12,577.03
2017/1/13,578.41
2017/1/17,580.38
2017/1/18,576.79
2017/1/19,575.27
2017/1/20,577.26
2017/1/23,578.29
2017/1/24,580.32
2017/1/25,578.07
2017/1/26,577.59
2017/1/27,575.28
2017/1/30,568.99
2017/1/31,573.21
2017/2/1,579.02
2017/2/2,578.23
2017/2/3,575.04
2017/2/6,574.25
2017/2/7,575.14
2017/2/8,580.48
2017/2/9,581.71
2017/2/10,589.81
2017/2/13,586.19
2017/2/14,585.56
2017/2/15,588.65
2017/2/16,584.93
2017/2/17,582.21
2017/2/21,581.51
2017/2/22,579.16
2017/2/23,578.18
2017/2/24,578.51
2017/2/27,576.48
2017/2/28,579.89
2017/3/1,583.76
2017/3/2,574.84
2017/3/3,576.22
2017/3/6,576.1
2017/3/7,571.51
2017/3/8,564.72
2017/3/9,559.51
2017/3/10,558.11
2017/3/13,559.39
2017/3/14,555.98
2017/3/15,560.48
2017/3/16,562.56
2017/3/17,564.39
2017/3/20,563.93
2017/3/21,562.11
2017/3/22,560.66
2017/3/23,560.1
2017/3/24,559.58
2017/3/27,557.62
2017/3/28,562.16
2017/3/29,566.07
2017/3/30,566.8
2017/3/31,565.65
2017/4/3,561.7
2017/4/4,565.71
2017/4/5,568.1
2017/4/6,568.93
2017/4/7,570.22
2017/4/10,571.9
2017/4/11,573.61
2017/4/12,573.61
2017/4/13,577.35
2017/4/17,574.91
2017/4/18,569.95
2017/4/19,564.74
2017/4/20,563.6
2017/4/21,559.87
2017/4/24,558.81
2017/4/25,560.92
2017/4/26,560.41
2017/4/27,558.08
2017/4/28,560.96
2017/5/1,561.37
2017/5/2,559.34
2017/5/3,557.87
2017/5/4,547.13
2017/5/5,551.06
2017/5/8,548.18
2017/5/9,547.45
2017/5/10,553.14
2017/5/11,555.96
2017/5/12,557.58
2017/5/15,559.27
2017/5/16,558.46
2017/5/17,561.81
2017/5/18,558.09
2017/5/19,566.68
2017/5/22,570.32
2017/5/23,567.27
2017/5/24,565.43
2017/5/25,559.4
2017/5/26,560.73
2017/5/30,555.56
2017/5/31,552.44
2017/6/1,550.49
2017/6/2,549.09
2017/6/5,546.7
2017/6/6,549.75
2017/6/7,546.18
2017/6/8,548.42
2017/6/9,551.26
2017/6/12,547.44
2017/6/13,547.99
2017/6/14,542.53
2017/6/15,542.73
2017/6/16,545.27
2017/6/19,541.57
2017/6/20,536.92
2017/6/21,533.59
2017/6/22,532.01
2017/6/23,533.97
2017/6/26,535.6
2017/6/27,539.99
2017/6/28,542.98
2017/6/29,546.43
2017/6/30,554.89
2017/7/3,559.82
2017/7/5,553.65
2017/7/6,554.92
2017/7/7,550.51
2017/7/10,554.33
2017/7/11,558.79
2017/7/12,557.34
2017/7/13,553.17
2017/7/14,558.97
2017/7/17,558.64
2017/7/18,561.62
2017/7/19,565.2
2017/7/20,565.36
2017/7/21,560.31
2017/7/24,558.78
2017/7/25,563.56
2017/7/26,568.41
2017/7/27,572.32
2017/7/28,574.67
2017/7/31,574.4
2017/8/1,568.14
2017/8/2,571.13
2017/8/3,567.58
2017/8/4,567.29
2017/8/7,570.32
2017/8/8,572.57
2017/8/9,576.01
2017/8/10,571.01
2017/8/11,572.18
2017/8/14,567.37
2017/8/15,563.57
2017/8/16,564.08
2017/8/17,564.82
2017/8/18,569.38
2017/8/21,568.1
2017/8/22,568.19
2017/8/23,570.2
2017/8/24,571.55
2017/8/25,570.21
2017/8/28,570.08
2017/8/29,571.68
2017/8/30,568.96
2017/8/31,580.62
2017/9/1,582.49
2017/9/5,585.99
2017/9/6,588.38
2017/9/7,588.24
2017/9/8,581.09
2017/9/11,582.74
2017/9/12,582.66
2017/9/13,585.01
2017/9/14,586.87
2017/9/15,587.6
2017/9/18,587.01
2017/9/19,585.37
2017/9/20,590.82
2017/9/21,586.51
2017/9/22,586.9
2017/9/25,591.05
2017/9/26,587.27
2017/9/27,587.98
2017/9/28,586.58
2017/9/29,585.74
2017/10/2,579.76
2017/10/3,579.99
2017/10/4,580.98
2017/10/5,586.6
2017/10/6,581.31
2017/10/9,582.6
2017/10/10,589.6
2017/10/11,590.18
2017/10/12,593.78
2017/10/13,598.83
2017/10/16,600.13
2017/10/17,596.6
2017/10/18,595.26
2017/10/19,595.11
2017/10/20,594.34
2017/10/23,596.68
2017/10/24,599.54
2017/10/25,598.6
2017/10/26,598.79
2017/10/27,598.78
2017/10/30,600.68
2017/10/31,600.73
2017/11/1,603.25
2017/11/2,604.29
2017/11/3,606.51
2017/11/6,616.46
2017/11/7,613.89
2017/11/8,615.74
2017/11/9,615.75
2017/11/10,615.94
2017/11/13,616.58
2017/11/14,608.33
2017/11/15,607.45
2017/11/16,604.88
2017/11/17,613.09
2017/11/20,609.4
2017/11/21,611.51
2017/11/22,615.91
2017/11/24,615.71
2017/11/27,614.82
2017/11/28,613.35
2017/11/29,611.65
2017/11/30,606.92
2017/12/1,613.13
2017/12/4,607.36
2017/12/5,602.59
2017/12/6,595.69
2017/12/7,593.84
2017/12/8,596.18
2017/12/11,599.1
2017/12/12,593
2017/12/13,593.34
2017/12/14,595.59
2017/12/15,596.81
2017/12/18,599.87
2017/12/19,600.62
2017/12/20,603.88
2017/12/21,605.22
2017/12/22,608.01
2017/12/26,614.89
2017/12/27,617.98
2017/12/28,622.3
2017/12/29,625.37
2018/1/2,627.72
2018/1/3,629.45
2018/1/4,629.1
2018/1/5,624.14
2018/1/8,623.24
2018/1/9,626.45
2018/1/10,627.8
2018/1/11,628.67
2018/1/12,631.23
2018/1/16,629.26
2018/1/17,631.73
2018/1/18,631.71
2018/1/19,629.87
2018/1/22,632.05
2018/1/23,634.39
2018/1/24,643.69
2018/1/25,643.88
2018/1/26,645.87
2018/1/29,644.27
2018/1/30,641.88
2018/1/31,639.53
2018/2/1,640.19
2018/2/2,635.16
2018/2/5,631.03
2018/2/6,628.18
2018/2/7,620.9
2018/2/8,620.13
2018/2/9,610.77
2018/2/12,615.87
2018/2/13,620.27
2018/2/14,629.2
2018/2/15,631.54
2018/2/16,632.31
2018/2/20,630.56
2018/2/21,632.25
2018/2/22,635.17
2018/2/23,635.67
2018/2/26,638.45
2018/2/27,634.95
2018/2/28,630.91
2018/3/1,630.96
2018/3/2,631.18
2018/3/5,635.99
2018/3/6,638.5
2018/3/7,631.83
2018/3/8,628.53
2018/3/9,631.96
2018/3/12,629.97
2018/3/13,631.23
2018/3/14,629.88
2018/3/15,627.71
2018/3/16,628.83
2018/3/19,622.83
2018/3/20,624.94
2018/3/21,630.33
2018/3/22,627.59
2018/3/23,630.52
2018/3/26,629.15
2018/3/27,628.87
2018/3/28,625.73
2018/3/29,631.07
2018/4/2,625.96
2018/4/3,627.32
2018/4/4,623.88
2018/4/5,628.06
2018/4/6,626.43
2018/4/9,635.58
2018/4/10,643.03
2018/4/11,648.27
2018/4/12,647.87
2018/4/13,648.85
2018/4/16,647.86
2018/4/17,647.43
2018/4/18,658.32
2018/4/19,655.08
2018/4/20,653.8
2018/4/23,649.31
2018/4/24,648.85
2018/4/25,650.06
2018/4/26,651.24
2018/4/27,650.26
2018/4/30,651.75
2018/5/1,649.34
2018/5/2,650.05
2018/5/3,651.6
2018/5/4,654.17
2018/5/7,653.83
2018/5/8,650.78
2018/5/9,655.94
2018/5/10,659.25
2018/5/11,655.84
2018/5/14,658.13
2018/5/15,656.82
2018/5/16,656.77
2018/5/17,658.03
2018/5/18,658.31
2018/5/21,662.59
2018/5/22,666.67
2018/5/23,667.35
2018/5/24,666.39
2018/5/25,661.24
2018/5/29,655.81
2018/5/30,659.08
2018/5/31,659.06
2018/6/1,656.63
2018/6/4,649.47
2018/6/5,651.7
2018/6/6,652.22
2018/6/7,655.77
2018/6/8,655.09
2018/6/11,653.36
2018/6/12,655.4
2018/6/13,656.1
2018/6/14,650.65
2018/6/15,639.49
2018/6/18,639.53
2018/6/19,631.88
2018/6/20,633.32
2018/6/21,630.93
2018/6/22,638.29
2018/6/25,630.64
2018/6/26,633.35
2018/6/27,638.83
2018/6/28,636.33
2018/6/29,640.94
2018/7/2,629.35
2018/7/3,630.5
2018/7/5,627.28
2018/7/6,631.59
2018/7/9,630.76
2018/7/10,627.62
2018/7/11,609.19
2018/7/12,611.9
2018/7/13,610.39
2018/7/16,603.38
2018/7/17,603.41
2018/7/18,605.28
2018/7/19,605.23
2018/7/20,609.5
2018/7/23,608.98
2018/7/24,613.07
2018/7/25,617.96
2018/7/26,618.51
2018/7/27,618.15
2018/7/30,621.66
2018/7/31,622.12
2018/8/1,613.12
2018/8/2,615.06
2018/8/3,618.03
2018/8/6,618.66
2018/8/7,622.17
2018/8/8,620.32
2018/8/9,619.23
2018/8/10,614.39
2018/8/13,610.35
2018/8/14,611.07
2018/8/15,598.72
2018/8/16,606.19
2018/8/17,607.83
2018/8/20,608.22
2018/8/21,609.63
2018/8/22,610.7
2018/8/23,607.56
2018/8/24,612.6
2018/8/27,612.6
2018/8/28,609.96
2018/8/29,612.87
2018/8/30,611.61
2018/8/31,612.7
2018/9/4,608.07
2018/9/5,605.11
2018/9/6,602.86
2018/9/7,604.36
2018/9/10,606.57
2018/9/11,606.56
2018/9/12,611.36
2018/9/13,606.64
2018/9/14,604.83
2018/9/17,602.72
2018/9/18,606.81
2018/9/19,611.57
2018/9/20,615.03
2018/9/21,620.01
2018/9/24,623.44
2018/9/25,625.02
2018/9/26,621.87
2018/9/27,621.95
2018/9/28,625.37
2018/10/1,633.71
2018/10/2,639.53
2018/10/3,642.46
2018/10/4,637.46
2018/10/5,637.35
2018/10/8,637.4
2018/10/9,640.33
2018/10/10,634.14
2018/10/11,631.76
2018/10/12,634.92
2018/10/15,641.19
2018/10/16,639.74
2018/10/17,637.6
2018/10/18,630.41
2018/10/19,631.39
2018/10/22,630.93
2018/10/23,626.47
2018/10/24,624.05
2018/10/25,623.51
2018/10/26,625.74
2018/10/29,621.36
2018/10/30,615.37
2018/10/31,613.02
2018/11/1,616.62
2018/11/2,620.1
2018/11/5,621.88
2018/11/6,617.79
2018/11/7,618.94
2018/11/8,617.34
2018/11/9,615.32
2018/11/12,616.59
2018/11/13,612.5
2018/11/14,626.52
2018/11/15,616.14
2018/11/16,622.43
2018/11/19,627.77
2018/11/20,615.27
2018/11/21,618.04
2018/11/23,605
2018/11/26,604.32
2018/11/27,602.47
2018/11/28,610.48
2018/11/29,612.01
2018/11/30,611.95
2018/12/3,616.38
2018/12/4,619.31
2018/12/5,618.34
2018/12/6,609.86
2018/12/7,619.45
2018/12/10,613.32
2018/12/11,612.82
2018/12/12,609.86
2018/12/13,611.46
2018/12/14,602.89
2018/12/17,596.72
2018/12/18,592.51
2018/12/19,593.76
2018/12/20,585.83
2018/12/21,585.72
2018/12/24,575.64
2018/12/26,581.53
2018/12/27,579.9
2018/12/28,578.48
2018/12/31,572.87
2019/1/2,574.09
2019/1/3,576.64
2019/1/4,583.85
2019/1/7,585.69
2019/1/8,588.03
2019/1/9,596.33
2019/1/10,594.28
2019/1/11,594.96
2019/1/14,594.51
2019/1/15,596.93
2019/1/16,598.8
2019/1/17,600.33
2019/1/18,607.89
2019/1/22,598.55
2019/1/23,598.6
2019/1/24,599.68
2019/1/25,606.11
2019/1/28,597.02
2019/1/29,602.11
2019/1/30,605.7
2019/1/31,604.2
2019/2/1,607.52
2019/2/4,607.99
2019/2/5,606.24
2019/2/6,607.64
2019/2/7,601.33
2019/2/8,602.6
2019/2/11,600.01
2019/2/12,604.48
2019/2/13,607.36
2019/2/14,606.67
2019/2/15,614.61
2019/2/19,617.19
2019/2/20,620.86
2019/2/21,621.71
2019/2/22,624.41
2019/2/25,617.49
2019/2/26,617.13
2019/2/27,621.28
2019/2/28,619.94
2019/3/1,615.86
2019/3/4,615.4
2019/3/5,617.83
2019/3/6,614.76
2019/3/7,613.82
2019/3/8,612.74
2019/3/11,612.33
2019/3/12,617.01
2019/3/13,622.85
2019/3/14,621.45
2019/3/15,623.02
2019/3/18,624.88
2019/3/19,626.52
2019/3/20,629.32
2019/3/21,628.52
2019/3/22,623.5
2019/3/25,624.63
2019/3/26,625.88
2019/3/27,622.55
2019/3/28,619.88
2019/3/29,620.98
2019/4/1,626.34
2019/4/2,628.07
2019/4/3,630.22
2019/4/4,630.44
2019/4/5,632.25
2019/4/8,636.6
2019/4/9,636.6
2019/4/10,639.65
2019/4/11,633.8
2019/4/12,637.06
2019/4/15,634.61
2019/4/16,632.18
2019/4/17,630.35
2019/4/18,630.39
2019/4/22,633.26
2019/4/23,630.56
2019/4/24,628.79
2019/4/25,627.49
2019/4/26,623.63
2019/4/29,622.15
2019/4/30,622.34
2019/5/1,620.49
2019/5/2,614.46
2019/5/3,615.69
2019/5/6,612.97
2019/5/7,609.13
2019/5/8,609.58
2019/5/9,605.26
2019/5/10,605.89
2019/5/13,603.11
2019/5/14,611.23
2019/5/15,613.84
2019/5/16,619.13
2019/5/17,614.29
2019/5/20,616.06
2019/5/21,614.76
2019/5/22,608.56
2019/5/23,600.08
2019/5/24,606.25
2019/5/28,612.57
2019/5/29,612.13
2019/5/30,609.63
2019/5/31,598.26
2019/6/3,596.6
2019/6/4,598.69
2019/6/5,589.44
2019/6/6,593.78
2019/6/7,595.36
2019/6/10,595.33
2019/6/11,599.18
2019/6/12,596.95
2019/6/13,602.01
2019/6/14,604.24
2019/6/17,604.11
2019/6/18,608.46
2019/6/19,604.53
2019/6/20,615.95
2019/6/21,614.21
2019/6/24,619.02
2019/6/25,621.3
2019/6/26,623.67
2019/6/27,623.33
2019/6/28,619.41
2019/7/1,614.7
2019/7/2,606.19
2019/7/3,614.69
2019/7/5,614.28
2019/7/8,613.85
2019/7/9,614.16
2019/7/10,625.74
2019/7/11,626.18
2019/7/12,629.4
2019/7/15,625.63
2019/7/16,618.24
2019/7/17,616.4
2019/7/18,611.17
2019/7/19,615.41
2019/7/22,614.01
2019/7/23,615.31
2019/7/24,614.73
2019/7/25,612.86
2019/7/26,610.68
2019/7/29,613.13
2019/7/30,613.8
2019/7/31,613.07
2019/8/1,596.69
2019/8/2,598.22
2019/8/5,594.1
2019/8/6,591.49
2019/8/7,586.24
2019/8/8,595.29
2019/8/9,598.87
2019/8/12,594.68
2019/8/13,602.26
2019/8/14,595.55
2019/8/15,593.91
2019/8/16,595.07
2019/8/19,595.21
2019/8/20,594.98
2019/8/21,595.9
2019/8/22,592.89
2019/8/23,589.39
2019/8/26,590.98
2019/8/27,593.35
2019/8/28,597.79
2019/8/29,600.85
2019/8/30,596.31
2019/9/3,594.74
2019/9/4,606.72
2019/9/5,604.48
2019/9/6,604.02
2019/9/9,609.06
2019/9/10,611.58
2019/9/11,606.74
2019/9/12,610.07
2019/9/13,612.12
2019/9/16,634.89
2019/9/17,622.27
2019/9/18,618.98
2019/9/19,618.79
2019/9/20,617.39
2019/9/23,621.68
2019/9/24,617.3
2019/9/25,613.7
2019/9/26,611.68
2019/9/27,609.41
2019/9/30,605.09
2019/10/1,605.41
2019/10/2,601.85
2019/10/3,603.34
2019/10/4,604.99
2019/10/7,604.67
2019/10/8,606.11
2019/10/9,607.02
2019/10/10,609.1
2019/10/11,617.41
2019/10/14,615.26
2019/10/15,613.18
2019/10/16,613.22
2019/10/17,615.57
2019/10/18,616.31
2019/10/21,613.02
2019/10/22,615.27
2019/10/23,620.46
2019/10/24,622.72
2019/10/25,623.85
2019/10/28,623.26
2019/10/29,624.42
2019/10/30,623.4
2019/10/31,619.1
2019/11/1,628.66
2019/11/4,631.95
2019/11/5,633.42
2019/11/6,628.37
2019/11/7,629.55
2019/11/8,629.55
2019/11/11,623.59
2019/11/12,624.59
2019/11/13,624.81
2019/11/14,624.31
2019/11/15,626.88
2019/11/18,620.49
2019/11/19,616.3
2019/11/20,620.42
2019/11/21,623.5
2019/11/22,623.45
2019/11/25,622.4
2019/11/26,623.43
2019/11/27,621.15
2019/11/29,609.84
2019/12/2,610.81
2019/12/3,611.71
2019/12/4,617.68
2019/12/5,619.62
2019/12/6,621.85
2019/12/9,621.49
2019/12/10,624.37
2019/12/11,622.54
2019/12/12,627.9
2019/12/13,631.19
2019/12/16,637.29
2019/12/17,638.92
2019/12/18,637.54
2019/12/19,639.07
2019/12/20,638.64
2019/12/23,637.5
2019/12/24,640.84
2019/12/26,645.52
2019/12/27,645.88
2019/12/30,645.72
2019/12/31,642.31
2020/1/2,642.81
2020/1/3,646.19
2020/1/6,647.86
2020/1/7,646.91
2020/1/8,638.33
2020/1/9,638
2020/1/10,639.6
2020/1/13,636.65
2020/1/14,637.65
2020/1/15,635.03
2020/1/16,632.95
2020/1/17,634.92
2020/1/21,630.15
2020/1/22,624.8
2020/1/23,620.05
2020/1/24,612.36
2020/1/27,603.1
2020/1/28,603.84
2020/1/29,600.55
2020/1/30,593.94
2020/1/31,591.36
2020/2/3,584.28
2020/2/4,584.55
2020/2/5,590.6
2020/2/6,592
2020/2/7,590.91
2020/2/10,587.4
2020/2/11,590.41
2020/2/12,598.11
2020/2/13,600.8
2020/2/14,601.92
2020/2/18,606.47
2020/2/19,610.97
2020/2/20,608.81
2020/2/21,607.92
2020/2/24,595.71
2020/2/25,589.81
2020/2/26,584.27
2020/2/27,575.55
2020/2/28,563.68
2020/3/2,576.29
2020/3/3,580.97
2020/3/4,580.93
2020/3/5,575.66
2020/3/6,557.16
2020/3/9,523.67
2020/3/10,537.44
2020/3/11,529.73
2020/3/12,512.49
2020/3/13,507.73
2020/3/16,483.99
2020/3/17,477.19
2020/3/18,451.81
2020/3/19,471.24
2020/3/20,466.17
2020/3/23,471.04
2020/3/24,483.33
2020/3/25,485.3
2020/3/26,478.73
2020/3/27,473.97
2020/3/30,467.64
2020/3/31,467.93
2020/4/1,455.42
2020/4/2,471.02
2020/4/3,480.15
2020/4/6,481.19
2020/4/7,484.35
2020/4/8,489.94
2020/4/9,492.24
2020/4/13,496.42
2020/4/14,494.85
2020/4/15,484.14
2020/4/16,484.48
2020/4/17,484.76
2020/4/20,472.02
2020/4/21,433.7
2020/4/22,446.7
2020/4/23,453.46
2020/4/24,450.17
2020/4/27,437.18
2020/4/28,448.87
2020/4/29,455.72
2020/4/30,469.15
2020/5/1,466.89
2020/5/4,470
2020/5/5,489.77
2020/5/6,481.15
2020/5/7,486.63
2020/5/8,495.53
2020/5/11,490.98
2020/5/12,493.53
2020/5/13,487.21
2020/5/14,496.46
2020/5/15,503.1
2020/5/18,519.64
2020/5/19,520.71
2020/5/20,527.42
2020/5/21,524.45
2020/5/22,520.04
2020/5/26,527.65
2020/5/27,518.73
2020/5/28,521.72
2020/5/29,531.78
2020/6/1,532.88
2020/6/2,539.82
2020/6/3,541.47
2020/6/4,544.95
2020/6/5,556.58
2020/6/8,553.25
2020/6/9,556.72
2020/6/10,561.24
2020/6/11,548.17
2020/6/12,546.31
2020/6/15,547.38
2020/6/16,552.5
2020/6/17,552.95
2020/6/18,555.58
2020/6/19,560.34
2020/6/22,563.62
2020/6/23,561.99
2020/6/24,549.72
2020/6/25,549.27
2020/6/26,547.21
2020/6/29,556.54
2020/6/30,561.3
2020/7/1,564.95
2020/7/2,569.75
2020/7/6,573.8
2020/7/7,576.17
2020/7/8,578.83
2020/7/9,575.43
2020/7/10,579.87
2020/7/13,578.53
2020/7/14,576.96
2020/7/15,581.48
2020/7/16,580.05
2020/7/17,579.75
2020/7/20,579.3
2020/7/21,587.33
2020/7/22,589.52
2020/7/23,590.78
2020/7/24,590.63
2020/7/27,592.49
2020/7/28,591.8
2020/7/29,595.25
2020/7/30,587.94
2020/7/31,591.33
2020/8/3,601.25
2020/8/4,604.88
2020/8/5,610.48
2020/8/6,610.35
2020/8/7,603.73
2020/8/10,608.8
2020/8/11,604.51
2020/8/12,610.94
2020/8/13,614.29
2020/8/14,615.81
2020/8/17,625.19
2020/8/18,628.51
2020/8/19,628.82
2020/8/20,623.74
2020/8/21,620.39
2020/8/24,624.17
2020/8/25,629.53
2020/8/26,630.73
2020/8/27,632.94
2020/8/28,636.32
2020/8/31,635.22
2020/9/1,636.19
2020/9/2,628.85
2020/9/3,624.08
2020/9/4,623.14
2020/9/8,610.25
2020/9/9,617.5
2020/9/10,616.56
2020/9/11,619.89
2020/9/14,623.29
2020/9/15,625.48
2020/9/16,633.94
2020/9/17,638.41
2020/9/18,642.75
2020/9/21,626.04
2020/9/22,625.87
2020/9/23,623.93
2020/9/24,623.66
2020/9/25,623.05
2020/9/28,626.11
2020/9/29,618.62
2020/9/30,626.67
2020/10/1,617.8
2020/10/2,611.51
2020/10/5,623.95
2020/10/6,631.48
2020/10/7,634.67
2020/10/8,641.77
2020/10/9,649.52
2020/10/12,643.66
2020/10/13,645.92
2020/10/14,651.14
2020/10/15,653.76
2020/10/16,652.52
2020/10/19,653.3
2020/10/20,657.83
2020/10/21,655.98
2020/10/22,656.3
2020/10/23,652.95
2020/10/26,647.03
2020/10/27,651.58
2020/10/28,635.91
2020/10/29,629.15
2020/10/30,629.89
2020/11/2,633.75
2020/11/3,638.07
2020/11/4,645.98
2020/11/5,648.83
2020/11/6,643.76
2020/11/9,653.81
2020/11/10,667.13
2020/11/11,668.77
2020/11/12,667.26
2020/11/13,664.2
2020/11/16,669.86
2020/11/17,671.63
2020/11/18,675.77
2020/11/19,672.07
2020/11/20,678.26
2020/11/23,681.02
2020/11/24,690.93
2020/11/25,692.9
2020/11/27,694.81
2020/11/30,690.42
2020/12/1,689.53
2020/12/2,691.22
2020/12/3,691.33
2020/12/4,694.22
2020/12/7,691.05
2020/12/8,689
2020/12/9,691.48
2020/12/10,701.75
2020/12/11,701.1
2020/12/14,703.98
2020/12/15,709.2
2020/12/16,712.11
2020/12/17,720.03
2020/12/18,725.56
2020/12/21,719.62
2020/12/22,714.96
2020/12/23,721.97
2020/12/24,721.98
2020/12/28,717.03
2020/12/29,723.59
2020/12/30,728.22
2020/12/31,731.59
2021/1/4,733.66
2021/1/5,752.24
2021/1/6,754.01
2021/1/7,755.32
2021/1/8,755.6
2021/1/11,752.6
2021/1/12,765.95
2021/1/13,764.62
2021/1/14,770.54
2021/1/15,762.37
2021/1/19,760.01
2021/1/20,762.31
2021/1/21,761.87
2021/1/22,750.18
2021/1/25,757.66
2021/1/26,762.66
2021/1/27,761.32
2021/1/28,756.83
2021/1/29,758.13
2021/2/1,769.56
2021/2/2,769.21
2021/2/3,775.47
2021/2/4,776.68
2021/2/5,781.56
2021/2/8,792.54
2021/2/9,795.68
2021/2/10,793.92
2021/2/11,793.11
2021/2/12,799.26
2021/2/16,807.98
2021/2/17,809.9
2021/2/18,810.48
2021/2/19,811.29
2021/2/22,825.83
2021/2/23,826.42
2021/2/24,836.48
2021/2/25,833.83
2021/2/26,815.23
2021/3/1,809.67
2021/3/2,813.38
2021/3/3,811.68
2021/3/4,813.3
2021/3/5,824.36
2021/3/8,820.05
2021/3/9,819.09
2021/3/10,818.51
2021/3/11,827.96
2021/3/12,825.48
2021/3/15,826.48
2021/3/16,824.81
2021/3/17,822.85
2021/3/18,802.62
2021/3/19,811.29
2021/3/22,812.29
2021/3/23,796.73
2021/3/24,809.16
2021/3/25,795.22
2021/3/26,807.23
2021/3/29,805.17
2021/3/30,794.01
2021/3/31,800.48
2021/4/1,804.73
2021/4/5,795.56
2021/4/6,802.83
2021/4/7,803.62
2021/4/8,809.3
2021/4/9,805.43
2021/4/12,801.81
2021/4/13,808.38
2021/4/14,824.73
2021/4/15,831.94
2021/4/16,831.69
2021/4/19,835.03
2021/4/20,835.47
2021/4/21,837.66
2021/4/22,844.11
2021/4/23,848.85
2021/4/26,858.72
2021/4/27,863.74
2021/4/28,865.25
2021/4/29,866.92
2021/4/30,866.92
2021/5/3,871.74
2021/5/4,879.71
2021/5/5,884.32
2021/5/6,889.67
2021/5/7,899.47
2021/5/10,895.53
2021/5/11,902.39
2021/5/12,904.26
2021/5/13,884.78
2021/5/14,886.82
2021/5/17,898.46
2021/5/18,896.26
2021/5/19,878.37
2021/5/20,872.73
2021/5/21,873.58
2021/5/24,881.5
2021/5/25,879.38
2021/5/26,881.55
2021/5/27,893.05
2021/5/28,892.34
2021/6/1,904.21
2021/6/2,907.53
2021/6/3,896.16
2021/6/4,908.66
2021/6/7,901.03
2021/6/8,904.99
2021/6/9,902.76
2021/6/10,902.69
2021/6/11,901.47
2021/6/14,895.47
2021/6/15,888.54
2021/6/16,888.32
2021/6/17,857.81
2021/6/18,864.95
2021/6/21,871.72
2021/6/22,871.16
2021/6/23,877.12
2021/6/24,877.26
2021/6/25,878.36
2021/6/28,881.99
2021/6/29,882.67
2021/6/30,896.01
2021/7/1,899.34
2021/7/2,901.71
2021/7/6,880.75
2021/7/7,878.06
2021/7/8,877.95
2021/7/9,887.05
2021/7/12,889.67
2021/7/13,894.05
2021/7/14,893.25
2021/7/15,890.65
2021/7/16,892
2021/7/19,868.5
2021/7/20,878.92
2021/7/21,891.5
2021/7/22,897.61
2021/7/23,897.8
2021/7/26,905.51
2021/7/27,900.23
2021/7/28,903.27
2021/7/29,915.91
2021/7/30,906.4
2021/8/2,901.25
2021/8/3,894.77
2021/8/4,888.17
2021/8/5,892.78
2021/8/6,886.61
2021/8/9,872.37
2021/8/10,884.4
2021/8/11,890.08
2021/8/12,890.82
2021/8/13,893.92
2021/8/16,890.55
2021/8/17,882.09
2021/8/18,876.02
2021/8/19,860.59
2021/8/20,853.12
2021/8/23,872.16
2021/8/24,885.47
2021/8/25,888.81
2021/8/26,887.56
2021/8/27,898.41
2021/8/30,896.53
2021/8/31,894.41
2021/9/1,891.78
2021/9/2,898.33
2021/9/3,901.3
2021/9/7,889.69
2021/9/8,894.49
2021/9/9,892.48
2021/9/10,900.62
2021/9/13,902.65
2021/9/14,903.34
2021/9/15,917.53
2021/9/16,909.46
2021/9/17,902.32
2021/9/20,888.62
2021/9/21,888.27
2021/9/22,902.32
2021/9/23,909.09
2021/9/24,914.1
2021/9/27,925.68
2021/9/28,923.31
2021/9/29,916.03
2021/9/30,919.73
2021/10/1,924.31
2021/10/4,934.21
2021/10/5,944.96
2021/10/6,930.22
2021/10/7,937.59
2021/10/8,941.63
2021/10/11,945.26
2021/10/12,941.86
2021/10/13,946.07
2021/10/14,957.39
2021/10/15,965.22
2021/10/18,959.96
2021/10/19,961.58
2021/10/20,972.68
2021/10/21,955.78
2021/10/22,960.27
2021/10/25,972.5
2021/10/26,971.48
2021/10/27,963.38
2021/10/28,962.48
2021/10/29,958.07
2021/11/1,963.23
2021/11/2,964.08
2021/11/3,950.44
2021/11/4,943.77
2021/11/5,948.5
2021/11/8,951.3
2021/11/9,954.61
2021/11/10,951.2
2021/11/11,959.54
2021/11/12,959.87
2021/11/15,961.2
2021/11/16,959.37
2021/11/17,954.17
2021/11/18,955
2021/11/19,950.69
2021/11/22,952.65
2021/11/23,959.26
2021/11/24,960.75
2021/11/26,921.29
2021/11/29,918.04
2021/11/30,893.86
2021/12/1,893.1
2021/12/2,895.59
2021/12/3,900.72
2021/12/6,905.94
2021/12/7,915.46
2021/12/8,920.55
2021/12/9,913.81
2021/12/10,917.62
2021/12/13,913.28
2021/12/14,909.76
2021/12/15,904.89
2021/12/16,920.81
2021/12/17,915.74
2021/12/20,906.22
2021/12/21,923.13
2021/12/22,937.82
2021/12/23,941.22
2021/12/27,954.16
2021/12/28,952.53
2021/12/29,955
2021/12/30,949.87
2021/12/31,946.24
2022/1/3,948.99
2022/1/4,959.83
2022/1/5,965.1
2022/1/6,961.95
2022/1/7,967
2022/1/10,961.29
2022/1/11,978.85
2022/1/12,993.12
2022/1/13,980.72
2022/1/14,985.04
2022/1/18,990.42
2022/1/19,1003.88
2022/1/20,1007.69
2022/1/21,1003.51
2022/1/24,994.39
2022/1/25,1004.78
2022/1/26,1015.94
2022/1/27,1011.14
2022/1/28,1017.3
2022/1/31,1023.63
2022/2/1,1031.74
2022/2/2,1043.68
2022/2/3,1040.73
2022/2/4,1046.55
2022/2/7,1045.08
2022/2/8,1038.14
2022/2/9,1048.15
2022/2/10,1046.62
2022/2/11,1050.77
2022/2/14,1061.65
2022/2/15,1047.61
2022/2/16,1063
2022/2/17,1060.23
2022/2/18,1061.58
2022/2/22,1078.84
2022/2/23,1085.79
2022/2/24,1094.71
2022/2/25,1068.78
2022/2/28,1092.82
2022/3/1,1139.84
2022/3/2,1169.9
2022/3/3,1176.47
2022/3/4,1218.52
2022/3/7,1248.53
2022/3/8,1264.48
2022/3/9,1196.26
2022/3/10,1185.35
2022/3/11,1196.79
2022/3/14,1171.09
2022/3/15,1149.77
2022/3/16,1139.68
2022/3/17,1175.96
2022/3/18,1171.58
2022/3/21,1195.76
2022/3/22,1193.92
2022/3/23,1225.66
2022/3/24,1223.18
2022/3/25,1229.07
2022/3/28,1193.94
2022/3/29,1171.86
2022/3/30,1196.41
2022/3/31,1173.89
2022/4/1,1166.53
2022/4/4,1183.37
2022/4/5,1186.5
2022/4/6,1167.35
2022/4/7,1168.86
2022/4/8,1183.2
2022/4/11,1171.03
2022/4/12,1199.54
2022/4/13,1217.54
2022/4/14,1230.16
2022/4/18,1248.09
2022/4/19,1218.18
2022/4/20,1218.24
2022/4/21,1221.85
2022/4/22,1203.68
2022/4/25,1179.39
2022/4/26,1194.21
2022/4/27,1203.67
2022/4/28,1204.98
2022/4/29,1206.64
2022/5/2,1202.43
2022/5/3,1190.1
2022/5/4,1214.56
2022/5/5,1219.38
2022/5/6,1206.91
2022/5/9,1162.44
2022/5/10,1155.21
2022/5/11,1180.92
2022/5/12,1174.45
2022/5/13,1189.05
2022/5/16,1210.08
2022/5/17,1212.61
2022/5/18,1192.71
2022/5/19,1210.09
2022/5/20,1209.46
2022/5/23,1217.88
2022/5/24,1214.04
2022/5/25,1212.4
2022/5/26,1226.7
2022/5/27,1235.47
2022/5/31,1219.6
2022/6/1,1226.37
2022/6/2,1238.13
2022/6/3,1238.22
2022/6/6,1251.61
2022/6/7,1249.37
2022/6/8,1250.42
2022/6/9,1245.44
2022/6/10,1229.19
2022/6/13,1205.64
2022/6/14,1185.64
2022/6/15,1184.67
2022/6/16,1193
2022/6/17,1165.45
2022/6/21,1163.49
2022/6/22,1145.37
2022/6/23,1115.33
2022/6/24,1121.78
2022/6/27,1124.64
2022/6/28,1132.72
2022/6/29,1128.82
2022/6/30,1095.51
2022/7/1,1091.44
2022/7/5,1041.03
2022/7/6,1031.69
2022/7/7,1063.98
2022/7/8,1073.46
2022/7/11,1070.17
2022/7/12,1026.86
2022/7/13,1033.62
2022/7/14,1014.76
2022/7/15,1026.12
2022/7/18,1057.86
2022/7/19,1050.08
2022/7/20,1054.87
2022/7/21,1038.21
2022/7/22,1040.84
2022/7/25,1052.81
2022/7/26,1061.99
2022/7/27,1071.64
2022/7/28,1079.77
2022/7/29,1094.92
2022/8/1,1072.71
2022/8/2,1061.37
2022/8/3,1052.27
2022/8/4,1057.08
2022/8/5,1056.47
2022/8/8,1058.27
2022/8/9,1067.02
2022/8/10,1080.19
2022/8/11,1098.5
2022/8/12,1093.99
2022/8/15,1074.79
2022/8/16,1065.95
2022/8/17,1066.99
2022/8/18,1072.76
2022/8/19,1077.77
2022/8/22,1082.8
2022/8/23,1097.52
2022/8/24,1102.86
2022/8/25,1095.5
2022/8/26,1102.75
2022/8/29,1113.32
2022/8/30,1084.48
2022/8/31,1073.3
2022/9/1,1049.06
2022/9/2,1053.46
2022/9/6,1047.04
2022/9/7,1031.28
2022/9/8,1036.06
2022/9/9,1057.22
2022/9/12,1075.81
2022/9/13,1067.7
2022/9/14,1068.24
2022/9/15,1044.78
2022/9/16,1042.72
2022/9/19,1044.85
2022/9/20,1047.42
2022/9/21,1042.03
2022/9/22,1041.24
2022/9/23,1007.71
2022/9/26,990.27
2022/9/27,994.01
2022/9/28,1014.21
2022/9/29,1014.23
2022/9/30,1004.17
2022/10/3,1021.17
2022/10/4,1046.08
2022/10/5,1051.2
2022/10/6,1052.06
2022/10/7,1059.67
2022/10/10,1051.27
2022/10/11,1043.9
2022/10/12,1037.13
2022/10/13,1046.24
2022/10/14,1026.26
2022/10/17,1024.57
2022/10/18,1012.15
2022/10/19,1011.95
2022/10/20,1017.62
2022/10/21,1020.33
2022/10/24,1018.56
2022/10/25,1025.26
2022/10/26,1038.73
2022/10/27,1037.33
2022/10/28,1025.07
2022/10/31,1029.71
2022/11/1,1038.77
2022/11/2,1047.75
2022/11/3,1036.02
2022/11/4,1071.36
2022/11/7,1068.66
2022/11/8,1060.53
2022/11/9,1046.72
2022/11/10,1055.75
2022/11/11,1071.05
2022/11/14,1064.56
2022/11/15,1071.61
2022/11/16,1062.4
2022/11/17,1043.72
2022/11/18,1040.3
2022/11/21,1038.01
2022/11/22,1045.87
2022/11/23,1041.67
2022/11/25,1031.77
2022/11/28,1029.77
2022/11/29,1036.84
2022/11/30,1050.84
2022/12/1,1053.21
2022/12/2,1045.09
2022/12/5,1023.02
2022/12/6,1013.67
2022/12/7,1015.34
2022/12/8,1017.52
2022/12/9,1018.77
2022/12/12,1024.94
2022/12/13,1044.76
2022/12/14,1047.35
2022/12/15,1038.71
2022/12/16,1028.43
2022/12/19,1021.75
2022/12/20,1027.45
2022/12/21,1039.86
2022/12/22,1028.18
2022/12/23,1042.88
2022/12/27,1049.39
2022/12/28,1045.61
2022/12/29,1042.77
2022/12/30,1048.69
2023/1/3,1026.12
2023/1/4,1006.04
2023/1/5,1001.18
2023/1/6,1009.42
2023/1/9,1020.6
2023/1/10,1017.86
2023/1/11,1030.12
2023/1/12,1041.74
2023/1/13,1048.28
2023/1/17,1053.2
2023/1/18,1049.41
2023/1/19,1051.79
2023/1/20,1055.74
2023/1/23,1058.44
2023/1/24,1051.96
2023/1/25,1050.97
2023/1/26,1057.73
2023/1/27,1049.73
2023/1/30,1041.74
2023/1/31,1050.12
2023/2/1,1029.65
2023/2/2,1027.63
2023/2/3,1007.1
2023/2/6,1004.16
2023/2/7,1018.83
2023/2/8,1020.87
2023/2/9,1019.06
2023/2/10,1027.88
2023/2/13,1027.95
2023/2/14,1029.03
2023/2/15,1017.31
2023/2/16,1017.68
2023/2/17,1007.11
2023/2/21,1011.8
2023/2/22,1001.74
2023/2/23,1001.05
2023/2/24,998.74
2023/2/27,1003.24
2023/2/28,1006.3
2023/3/1,1017.17
2023/3/2,1014.68
2023/3/3,1028.4
2023/3/6,1018.91
2023/3/7,1004.14
2023/3/8,998.93
2023/3/9,991.66
2023/3/10,996.41
2023/3/13,1000.19
2023/3/14,989.67
2023/3/15,967.84
2023/3/16,973.95
2023/3/17,971.05
2023/3/20,972.16
2023/3/21,974.73
2023/3/22,974.81
2023/3/23,973.93
2023/3/24,976.71
2023/3/27,985.89
2023/3/28,991.53
2023/3/29,990.29
2023/3/30,992.46
2023/3/31,1003.67
2023/4/3,1015.57
2023/4/4,1014.58
2023/4/5,1015.31
2023/4/6,1010.62
2023/4/10,1010.22
2023/4/11,1019.56
2023/4/12,1024.83
2023/4/13,1024.38
2023/4/14,1026.28
2023/4/17,1028.56
2023/4/18,1035.63
2023/4/19,1021.07
2023/4/20,1010.89
2023/4/21,1004.19
2023/4/24,1006.88
2023/4/25,992.51
2023/4/26,979.33
2023/4/27,978.14
2023/4/28,989.24
2023/5/1,982.5
2023/5/2,965.5
2023/5/3,956.19
2023/5/4,956.11
2023/5/5,972.12
2023/5/8,983.46
2023/5/9,982.34
2023/5/10,975.11
2023/5/11,961.04
2023/5/12,961
2023/5/15,972.21
2023/5/16,961.3
2023/5/17,965.69
2023/5/18,961.6
2023/5/19,961.17
2023/5/22,959.88
2023/5/23,957.67
2023/5/24,960.5
2023/5/25,948.22
2023/5/26,956.27
2023/5/30,936.03
2023/5/31,930.59
2023/6/1,943.2
2023/6/2,952
2023/6/5,955.69
2023/6/6,957.92
2023/6/7,957.32
2023/6/8,956.18
2023/6/9,947.54
2023/6/12,932.16
2023/6/13,943.69
2023/6/14,943.66
2023/6/15,967.58
2023/6/16,984.44
2023/6/20,971.25
2023/6/21,985.53
2023/6/22,969.28
2023/6/23,960.6
2023/6/26,962.79
2023/6/27,949.26
2023/6/28,941.59
2023/6/29,940.77
2023/6/30,954.12
2023/7/3,950.72
2023/7/5,958.59
2023/7/6,952.91
2023/7/7,958.67
2023/7/10,961.6
2023/7/11,971.24
2023/7/12,972.57
2023/7/13,984.61
2023/7/14,984.2
2023/7/17,974.64
2023/7/18,988.32
2023/7/19,993.78
2023/7/20,997.67
2023/7/21,999.47
2023/7/24,1015.83
2023/7/25,1022.2
2023/7/26,1014.91
2023/7/27,1010.82
2023/7/28,1013.48
2023/7/31,1013.35
2023/8/1,1006.84
2023/8/2,990.35
2023/8/3,997.48
2023/8/4,1002.17
2023/8/7,998.95
2023/8/8,999.76
2023/8/9,1008.68
2023/8/10,1002.1
2023/8/11,998.42
2023/8/14,994.83
2023/8/15,980.29
2023/8/16,977.16
2023/8/17,981.69
2023/8/18,987.79
2023/8/21,987.65
2023/8/22,984.52
2023/8/23,990.2
2023/8/24,992.01
2023/8/25,997.73
2023/8/28,1000.61
2023/8/29,1002.44
2023/8/30,1005.3
2023/8/31,1005.37
2023/9/1,1013.41
2023/9/5,1012.26
2023/9/6,1010.17
2023/9/7,1007.15
2023/9/8,1009.85
2023/9/11,1016.67
2023/9/12,1018.34
2023/9/13,1020.76
2023/9/14,1028.62
2023/9/15,1025.54
2023/9/18,1023.66
2023/9/19,1023.82
2023/9/20,1022.09
2023/9/21,1010.58
2023/9/22,1012.6
2023/9/25,1009
2023/9/26,1006.64
2023/9/27,1012.23
2023/9/28,1012.82
2023/9/29,1002.86
2023/10/2,992.6
2023/10/3,990.5
2023/10/4,971.94
2023/10/5,971.55
2023/10/6,979.18
2023/10/9,991.56
2023/10/10,989.47
2023/10/11,983.06
2023/10/12,988.05
2023/10/13,1006.03
2023/10/16,1001.27
2023/10/17,1002.46
2023/10/18,1013.17
2023/10/19,1016.83
2023/10/20,1014.14
2023/10/23,1003.63
2023/10/24,1000.05
2023/10/25,1004.55
2023/10/26,999.24
2023/10/27,1010.68
2023/10/30,998.36
2023/10/31,997.69
2023/11/1,993.43
2023/11/2,1002
2023/11/3,1002.91
2023/11/6,1002.21
2023/11/7,984.93
2023/11/8,981.1
2023/11/9,979.83
2023/11/10,978.33
2023/11/13,995.25
2023/11/14,998.08
2023/11/15,995.6
2023/11/16,978.55
2023/11/17,981.95
2023/11/20,991.82
2023/11/21,994.85
2023/11/22,986.84
2023/11/24,978.53
2023/11/27,972.98
2023/11/28,984.36
2023/11/29,988.68
2023/11/30,982.93
2023/12/1,979.1
2023/12/4,965.55
2023/12/5,961.43
2023/12/6,943.69
2023/12/7,946.93
2023/12/8,949.97
2023/12/11,945.78
2023/12/12,934.97
2023/12/13,935.42
2023/12/14,955.77
2023/12/15,959.45
2023/12/18,962.33
2023/12/19,967.1
2023/12/20,964.15
2023/12/21,963.15
2023/12/22,965.57
2023/12/26,972.81
2023/12/27,972.62
2023/12/28,965.03
2023/12/29,957.8
2024/1/2,950.45
2024/1/3,956.9
2024/1/4,955.97
2024/1/5,960.07
2024/1/8,947.01
2024/1/9,956.45
2024/1/10,947.79
2024/1/11,949.02
2024/1/12,949.49
2024/1/16,945.69
2024/1/17,938.05
2024/1/18,944.94
2024/1/19,942.05
2024/1/22,945.43
2024/1/23,951.15
2024/1/24,959.24
2024/1/25,963.67
2024/1/26,964.57
2024/1/29,956.55
2024/1/30,966.06
2024/1/31,961.6
2024/2/1,951.38
2024/2/2,941.12
2024/2/5,940.48
2024/2/6,943.38
2024/2/7,944.37
2024/2/8,950.32
2024/2/9,950.15
2024/2/12,948.78
2024/2/13,946.13
2024/2/14,936.12
2024/2/15,938.85
2024/2/16,945.2
2024/2/20,941.69
2024/2/21,948.18
2024/2/22,947.41
2024/2/23,936.51
2024/2/26,941.24
2024/2/27,948.7
2024/2/28,947.28
2024/2/29,948.49
2024/3/1,955.79
2024/3/4,958.57
2024/3/5,954.83
2024/3/6,960.63
2024/3/7,965.33
2024/3/8,964.02
2024/3/11,967.62
2024/3/12,967.99
2024/3/13,978.59
2024/3/14,980.9
2024/3/15,983.05
2024/3/18,988.74
2024/3/19,988.4
2024/3/20,985.11
2024/3/21,987.07
2024/3/22,980.04
2024/3/25,987.15
2024/3/26,981.01
2024/3/27,977.3
2024/3/28,989.28
2024/4/1,992.83
2024/4/2,1000.33
2024/4/3,1011.19
2024/4/4,1015.04
2024/4/5,1022.66
2024/4/8,1024.62
2024/4/9,1024.22
2024/4/10,1027.25
2024/4/11,1022.61
2024/4/12,1030.92
2024/4/15,1027.91
2024/4/16,1026.84
2024/4/17,1019.86
2024/4/18,1019.96
2024/4/19,1029.72
2024/4/22,1029.23
2024/4/23,1031.22
2024/4/24,1027.52
2024/4/25,1031.11
2024/4/26,1030.53
2024/4/29,1033.86
2024/4/30,1019.15
2024/5/1,1005.56
2024/5/2,1010.58
2024/5/3,1017.75
2024/5/6,1029.66
2024/5/7,1032.84
2024/5/8,1028.89
2024/5/9,1034.07
2024/5/10,1038.35
2024/5/13,1044
2024/5/14,1039.91
2024/5/15,1047.62
2024/5/16,1051.27
2024/5/17,1066.18
2024/5/20,1079.94
2024/5/21,1075.94
2024/5/22,1069.75
2024/5/23,1059.43
2024/5/24,1058.92
2024/5/28,1074.23
2024/5/29,1063.26
2024/5/30,1047.49
2024/5/31,1038.24
2024/6/3,1032.97
2024/6/4,1018.87
2024/6/5,1024.5
2024/6/6,1041.64
2024/6/7,1027.26
2024/6/10,1035.35
2024/6/11,1037.86
2024/6/12,1044.24
2024/6/13,1041.32
2024/6/14,1036.68
2024/6/17,1032.62
2024/6/18,1041.08
2024/6/20,1040.81
2024/6/21,1031.99
2024/6/24,1038.54
2024/6/25,1027.43
2024/6/26,1024.41
2024/6/27,1026.98
2024/6/28,1023.52
2024/7/1,1029.06
2024/7/2,1028.5
2024/7/3,1037.54
2024/7/5,1039.44
2024/7/8,1026.49
2024/7/9,1018.56
2024/7/10,1017.09
2024/7/11,1020.01
2024/7/12,1019.34
2024/7/15,1007.96
2024/7/16,1005.12
2024/7/17,1004.14
2024/7/18,1001.43
2024/7/19,985.97
2024/7/22,993.01
2024/7/23,986.83
2024/7/24,985.67
2024/7/25,982.91
2024/7/26,973.15
2024/7/29,966.23
2024/7/30,963.5
2024/7/31,975.97
2024/8/1,965.56
2024/8/2,956.55
2024/8/5,950.54
2024/8/6,952.2
2024/8/7,959.18
2024/8/8,963.28
2024/8/9,968
2024/8/12,980.77
2024/8/13,969.42
2024/8/14,968.22
2024/8/15,975.38
2024/8/16,968.54
2024/8/19,973.52
2024/8/20,971.79
2024/8/21,968.94
2024/8/22,961.86
2024/8/23,974.73
2024/8/26,983.34
2024/8/27,981.09
2024/8/28,971.06
2024/8/29,980.7
2024/8/30,972.38
2024/9/3,961.53
2024/9/4,957.09
2024/9/5,961.19
2024/9/6,946.88
2024/9/9,953.18
2024/9/10,942.52
2024/9/11,953.08
2024/9/12,968.99
2024/9/13,972.91
2024/9/16,979.17
2024/9/17,982.43
2024/9/18,983.98
2024/9/19,991.71
2024/9/20,993.3
2024/9/23,1001.82
2024/9/24,1013.3
2024/9/25,1011.66
2024/9/26,1006.79
2024/9/27,1012.34
2024/9/30,1011.56
2024/10/1,1022.24
2024/10/2,1025.55
2024/10/3,1035.46
2024/10/4,1034.33
2024/10/7,1041.69
2024/10/8,1020.53
2024/10/9,1016.63
2024/10/10,1031.39
2024/10/11,1034.57
2024/10/14,1018.94
2024/10/15,1004.01
2024/10/16,1001.91
2024/10/17,1003.77
2024/10/18,998.45
2024/10/21,1004.75
2024/10/22,1018.63
2024/10/23,1013.78
2024/10/24,1014.55
2024/10/25,1019.79
2024/10/28,995.42
2024/10/29,996.4
2024/10/30,1003.37
2024/10/31,999.2
2024/11/1,999.99
2024/11/4,1010.9
2024/11/5,1013.33
2024/11/6,1004.34
2024/11/7,1019.3
2024/11/8,1008.65
2024/11/11,999.6
2024/11/12,996.68
2024/11/13,997.54
2024/11/14,990.45
2024/11/15,990.44
2024/11/18,1007.13
2024/11/19,1008.6
2024/11/20,1011.46
2024/11/21,1015.31
2024/11/22,1017.69
2024/11/25,1008.49
2024/11/26,1009.08
2024/11/27,1003.63
2024/11/29,1006.26
2024/12/2,998.06
2024/12/3,1005.14
2024/12/4,1000.71
2024/12/5,1001.81
2024/12/6,1000.03
2024/12/9,1009.74
2024/12/10,1013.19
2024/12/11,1022.95
2024/12/12,1017.3
2024/12/13,1015.58
2024/12/16,1010.03
2024/12/17,1002.96
2024/12/18,1000.67
2024/12/19,996.09
2024/12/20,1005.54
2024/12/23,1002.48
2024/12/24,1010.87
2024/12/26,1009.87
2024/12/27,1011.6
2024/12/30,1022.74
2024/12/31,1022.39
2025/1/2,1030.31
2025/1/3,1019.95
2025/1/6,1028.95
2025/1/7,1028.98
2025/1/8,1025.72
2025/1/9,1033.34
2025/1/10,1054.45