Date,S&P Cryptocurrency Broad Digital Market Index (USD)
2017/2/28,100
2017/3/1,102.93
2017/3/2,108.62
2017/3/3,108.78
2017/3/6,108.92
2017/3/7,105.78
2017/3/8,98.74
2017/3/9,102.54
2017/3/10,109.4
2017/3/13,110.7
2017/3/14,111.7
2017/3/15,114.09
2017/3/16,111.46
2017/3/17,109.48
2017/3/20,101.91
2017/3/21,107.3
2017/3/22,99.19
2017/3/23,101.76
2017/3/24,100.31
2017/3/27,103.09
2017/3/28,104.05
2017/3/29,106.15
2017/3/30,106.15
2017/3/31,109.15
2017/4/3,113.76
2017/4/4,113.43
2017/4/5,113.31
2017/4/6,115.52
2017/4/7,116.33
2017/4/10,117.75
2017/4/11,118.68
2017/4/12,120.08
2017/4/13,118.2
2017/4/14,118.24
2017/4/17,119.2
2017/4/18,120.44
2017/4/19,120.71
2017/4/20,122.56
2017/4/21,124.04
2017/4/24,126.29
2017/4/25,128.6
2017/4/26,132.32
2017/4/27,137.65
2017/4/28,139.85
2017/5/1,152.2
2017/5/2,156.61
2017/5/3,161.45
2017/5/4,173.29
2017/5/5,173.58
2017/5/8,187.72
2017/5/9,193.03
2017/5/10,197.39
2017/5/11,201.86
2017/5/12,187.52
2017/5/15,196.45
2017/5/16,204.29
2017/5/17,214.71
2017/5/18,218.53
2017/5/19,232.03
2017/5/22,266.55
2017/5/23,274.66
2017/5/24,304.11
2017/5/25,293.57
2017/5/26,280.52
2017/5/29,289.84
2017/5/30,288.63
2017/5/31,301.19
2017/6/1,310.27
2017/6/2,310.61
2017/6/5,342.96
2017/6/6,361.57
2017/6/7,357.89
2017/6/8,353.02
2017/6/9,368.16
2017/6/12,373.21
2017/6/13,407.63
2017/6/14,381.38
2017/6/15,342.41
2017/6/16,374.46
2017/6/19,385.13
2017/6/20,400.52
2017/6/21,367.49
2017/6/22,380.13
2017/6/23,385.73
2017/6/26,300.41
2017/6/27,324.84
2017/6/28,363.23
2017/6/29,357.18
2017/6/30,346.46
2017/7/3,347.07
2017/7/4,346.75
2017/7/5,351.78
2017/7/6,346.45
2017/7/7,329.87
2017/7/10,302.88
2017/7/11,277.82
2017/7/12,304.03
2017/7/13,288.54
2017/7/14,274.03
2017/7/17,260.39
2017/7/18,303.56
2017/7/19,273.71
2017/7/20,323.81
2017/7/21,318.71
2017/7/24,337.16
2017/7/25,298.92
2017/7/26,298.55
2017/7/27,306.7
2017/7/28,314.64
2017/7/31,323.99
2017/8/1,334.22
2017/8/2,325.19
2017/8/3,335.28
2017/8/4,336.76
2017/8/7,396.41
2017/8/8,414.38
2017/8/9,407
2017/8/10,417.06
2017/8/11,422.81
2017/8/14,466.71
2017/8/15,445.99
2017/8/16,472.06
2017/8/17,472.43
2017/8/18,456.39
2017/8/21,467.2
2017/8/22,472.06
2017/8/23,475.95
2017/8/24,487.15
2017/8/25,494.11
2017/8/28,509.43
2017/8/29,538.08
2017/8/30,542.06
2017/8/31,560.73
2017/9/1,580.74
2017/9/4,512.23
2017/9/5,511.58
2017/9/6,533.95
2017/9/7,531.19
2017/9/8,478.62
2017/9/11,478.06
2017/9/12,475
2017/9/13,435.93
2017/9/14,377.69
2017/9/15,418.05
2017/9/18,456.57
2017/9/19,443.7
2017/9/20,448.18
2017/9/21,408.48
2017/9/22,406.33
2017/9/25,448.41
2017/9/26,445.69
2017/9/27,476.28
2017/9/28,469.13
2017/9/29,466.01
2017/10/2,483.32
2017/10/3,469.5
2017/10/4,465.19
2017/10/5,479.89
2017/10/6,481.09
2017/10/9,505.59
2017/10/10,516.28
2017/10/11,516.52
2017/10/12,548.77
2017/10/13,577.14
2017/10/16,593.8
2017/10/17,580.24
2017/10/18,552.37
2017/10/19,571.49
2017/10/20,600.36
2017/10/23,577.93
2017/10/24,574.24
2017/10/25,566.62
2017/10/26,581.93
2017/10/27,572.09
2017/10/30,599.89
2017/10/31,617.94
2017/11/1,630.71
2017/11/2,652.73
2017/11/3,680.62
2017/11/6,668.07
2017/11/7,661.63
2017/11/8,692.3
2017/11/9,692.68
2017/11/10,624.29
2017/11/13,634.96
2017/11/14,662.15
2017/11/15,699.71
2017/11/16,738.64
2017/11/17,735.21
2017/11/20,791.88
2017/11/21,793.32
2017/11/22,794.39
2017/11/23,813.44
2017/11/24,829.86
2017/11/27,947.14
2017/11/28,968.17
2017/11/29,916.27
2017/11/30,924.09
2017/12/1,1038.17
2017/12/4,1089.7
2017/12/5,1113.49
2017/12/6,1204.26
2017/12/7,1357.41
2017/12/8,1333.98
2017/12/11,1521.94
2017/12/12,1590
2017/12/13,1580.85
2017/12/14,1620.36
2017/12/15,1724.49
2017/12/18,1887.83
2017/12/19,1912.02
2017/12/20,1862.2
2017/12/21,1732.11
2017/12/22,1622.23
2017/12/25,1613.06
2017/12/26,1767.29
2017/12/27,1691.21
2017/12/28,1606.25
2017/12/29,1705.03
2018/1/1,1653.4
2018/1/2,1855.82
2018/1/3,1935.2
2018/1/4,1931.22
2018/1/5,2040.07
2018/1/8,2002.29
2018/1/9,2007.11
2018/1/10,1998.17
2018/1/11,1869.58
2018/1/12,1946.63
2018/1/15,1936.43
2018/1/16,1489.09
2018/1/17,1461.13
2018/1/18,1641.23
2018/1/19,1565.33
2018/1/22,1418.56
2018/1/23,1512.08
2018/1/24,1523.29
2018/1/25,1551.51
2018/1/26,1503.73
2018/1/29,1577.22
2018/1/30,1410.59
2018/1/31,1433.22
2018/2/1,1301.26
2018/2/2,1176.53
2018/2/5,963.47
2018/2/6,1030.28
2018/2/7,1104.32
2018/2/8,1122.48
2018/2/9,1183.1
2018/2/12,1212.33
2018/2/13,1191.96
2018/2/14,1280.99
2018/2/15,1349.89
2018/2/16,1356
2018/2/19,1443.05
2018/2/20,1460.19
2018/2/21,1290.94
2018/2/22,1251.78
2018/2/23,1262.12
2018/2/26,1295.96
2018/2/27,1332.76
2018/2/28,1319.42
2018/3/1,1352.01
2018/3/2,1335.4
2018/3/5,1367.79
2018/3/6,1267.72
2018/3/7,1159.64
2018/3/8,1117.29
2018/3/9,1080.87
2018/3/12,1067.76
2018/3/13,1078.67
2018/3/14,980.04
2018/3/15,962.01
2018/3/16,1002.24
2018/3/19,949.76
2018/3/20,1022.52
2018/3/21,1011.2
2018/3/22,973.76
2018/3/23,969.27
2018/3/26,883.78
2018/3/27,875.45
2018/3/28,870.32
2018/3/29,799.16
2018/3/30,744.45
2018/4/2,758.5
2018/4/3,816.37
2018/4/4,749.73
2018/4/5,740.29
2018/4/6,722.68
2018/4/9,736.95
2018/4/10,761.13
2018/4/11,778.24
2018/4/12,865.28
2018/4/13,932.02
2018/4/16,923.16
2018/4/17,922.2
2018/4/18,963.23
2018/4/19,1003.66
2018/4/20,1068.33
2018/4/23,1117.42
2018/4/24,1222.89
2018/4/25,1124.97
2018/4/26,1119.56
2018/4/27,1159.56
2018/4/30,1203.72
2018/5/1,1161.16
2018/5/2,1197.19
2018/5/3,1272.23
2018/5/4,1277.2
2018/5/7,1247.52
2018/5/8,1225.31
2018/5/9,1229.14
2018/5/10,1195.17
2018/5/11,1108.12
2018/5/14,1147.03
2018/5/15,1106.34
2018/5/16,1065.35
2018/5/17,1050.51
2018/5/18,1058.74
2018/5/21,1071.87
2018/5/22,1036.99
2018/5/23,940.42
2018/5/24,951.08
2018/5/25,926.08
2018/5/28,877.28
2018/5/29,922.43
2018/5/30,897.69
2018/5/31,936.83
2018/6/1,925.76
2018/6/4,947.79
2018/6/5,969.42
2018/6/6,953.26
2018/6/7,973.11
2018/6/8,961.81
2018/6/11,829.72
2018/6/12,790.99
2018/6/13,757.99
2018/6/14,819.02
2018/6/15,797.78
2018/6/18,813.4
2018/6/19,825.72
2018/6/20,821.87
2018/6/21,812.45
2018/6/22,739.66
2018/6/25,729.55
2018/6/26,708.54
2018/6/27,704.79
2018/6/28,698.14
2018/6/29,666.15
2018/7/2,772.21
2018/7/3,765.6
2018/7/4,776.52
2018/7/5,750.65
2018/7/6,755.49
2018/7/9,767.55
2018/7/10,719.9
2018/7/11,715.89
2018/7/12,697.26
2018/7/13,699.31
2018/7/16,770.03
2018/7/17,830.15
2018/7/18,829.31
2018/7/19,821.19
2018/7/20,792.37
2018/7/23,820.6
2018/7/24,868.24
2018/7/25,863.03
2018/7/26,871.21
2018/7/27,861.1
2018/7/30,840.88
2018/7/31,802.22
2018/8/1,783.05
2018/8/2,770.42
2018/8/3,761.85
2018/8/6,727.33
2018/8/7,724.07
2018/8/8,648.08
2018/8/9,659.35
2018/8/10,648.72
2018/8/13,595.56
2018/8/14,564.43
2018/8/15,599.76
2018/8/16,607.26
2018/8/17,627.56
2018/8/20,613.65
2018/8/21,605.64
2018/8/22,600.11
2018/8/23,601.15
2018/8/24,619.87
2018/8/27,631.75
2018/8/28,671.18
2018/8/29,658.97
2018/8/30,635.86
2018/8/31,660.17
2018/9/3,688.67
2018/9/4,687.51
2018/9/5,622.22
2018/9/6,584.98
2018/9/7,578.76
2018/9/10,556.05
2018/9/11,543.58
2018/9/12,545.07
2018/9/13,568.18
2018/9/14,579.37
2018/9/17,548.81
2018/9/18,560.34
2018/9/19,570.35
2018/9/20,576.6
2018/9/21,635.28
2018/9/24,614.27
2018/9/25,578.19
2018/9/26,601.61
2018/9/27,626.68
2018/9/28,619.37
2018/10/1,613.37
2018/10/2,611.38
2018/10/3,596.41
2018/10/4,611.28
2018/10/5,607.4
2018/10/8,618.63
2018/10/9,611.47
2018/10/10,606.76
2018/10/11,560.23
2018/10/12,561
2018/10/15,578.81
2018/10/16,585.49
2018/10/17,586.01
2018/10/18,578.93
2018/10/19,578.3
2018/10/22,579.68
2018/10/23,580.64
2018/10/24,582.05
2018/10/25,579.98
2018/10/26,578.91
2018/10/29,559.58
2018/10/30,560.02
2018/10/31,566.27
2018/11/1,567.61
2018/11/2,575.88
2018/11/5,589.77
2018/11/6,602.16
2018/11/7,608.47
2018/11/8,597.19
2018/11/9,586.92
2018/11/12,586.8
2018/11/13,581.3
2018/11/14,499.59
2018/11/15,500.41
2018/11/16,499.46
2018/11/19,443.46
2018/11/20,389.38
2018/11/21,399.68
2018/11/22,397.22
2018/11/23,374.9
2018/11/26,326.06
2018/11/27,329.47
2018/11/28,381.9
2018/11/29,367.03
2018/11/30,348.57
2018/12/3,335.22
2018/12/4,337.32
2018/12/5,324.16
2018/12/6,310.56
2018/12/7,284.87
2018/12/10,290.27
2018/12/11,284.5
2018/12/12,293.49
2018/12/13,275.97
2018/12/14,268.73
2018/12/17,307.1
2018/12/18,304.33
2018/12/19,326.95
2018/12/20,343.92
2018/12/21,335.58
2018/12/24,368.36
2018/12/25,345.77
2018/12/26,342.59
2018/12/27,320.68
2018/12/28,356.74
2018/12/31,335.42
2019/1/1,344
2019/1/2,361.43
2019/1/3,351.42
2019/1/4,352.93
2019/1/7,368.34
2019/1/8,368.36
2019/1/9,368.94
2019/1/10,328.67
2019/1/11,329.59
2019/1/14,331.58
2019/1/15,319.2
2019/1/16,323.73
2019/1/17,327.17
2019/1/18,323.98
2019/1/21,317.93
2019/1/22,323.81
2019/1/23,318.55
2019/1/24,321.82
2019/1/25,319.29
2019/1/28,300.41
2019/1/29,299.35
2019/1/30,306.79
2019/1/31,303.99
2019/2/1,306.21
2019/2/4,303.9
2019/2/5,303.74
2019/2/6,297.16
2019/2/7,297.78
2019/2/8,325.48
2019/2/11,324.24
2019/2/12,326.82
2019/2/13,321.56
2019/2/14,321.08
2019/2/15,321.72
2019/2/18,355.66
2019/2/19,362.96
2019/2/20,364.44
2019/2/21,357.42
2019/2/22,363.1
2019/2/25,350.23
2019/2/26,347.03
2019/2/27,337.98
2019/2/28,347.95
2019/3/1,352.26
2019/3/4,336.15
2019/3/5,352.94
2019/3/6,354.17
2019/3/7,358
2019/3/8,359.56
2019/3/11,353.46
2019/3/12,356.8
2019/3/13,356.82
2019/3/14,357.27
2019/3/15,364.83
2019/3/18,368.86
2019/3/19,371.95
2019/3/20,373.16
2019/3/21,367.36
2019/3/22,370.82
2019/3/25,362.48
2019/3/26,363.81
2019/3/27,376.54
2019/3/28,376.57
2019/3/29,383.37
2019/4/1,388.01
2019/4/2,444.85
2019/4/3,489.91
2019/4/4,449.02
2019/4/5,473.15
2019/4/8,488.05
2019/4/9,487.53
2019/4/10,503.28
2019/4/11,464.39
2019/4/12,463.93
2019/4/15,457.9
2019/4/16,475.48
2019/4/17,478.35
2019/4/18,487.24
2019/4/19,486.99
2019/4/22,488.62
2019/4/23,497.94
2019/4/24,476.37
2019/4/25,482.5
2019/4/26,452.5
2019/4/29,454.38
2019/4/30,465.75
2019/5/1,470.25
2019/5/2,476.32
2019/5/3,500.16
2019/5/6,501.38
2019/5/7,504.02
2019/5/8,503.35
2019/5/9,507.74
2019/5/10,530
2019/5/13,639.23
2019/5/14,641.64
2019/5/15,695.22
2019/5/16,680.24
2019/5/17,614.72
2019/5/20,670.15
2019/5/21,690.28
2019/5/22,680.81
2019/5/23,661.4
2019/5/24,689.7
2019/5/27,754.46
2019/5/28,749.37
2019/5/29,754.35
2019/5/30,741.93
2019/5/31,727.26
2019/6/3,736.07
2019/6/4,651.9
2019/6/5,672.57
2019/6/6,654.68
2019/6/7,687.35
2019/6/10,689.34
2019/6/11,685.75
2019/6/12,707.85
2019/6/13,714.27
2019/6/14,716.23
2019/6/17,784.03
2019/6/18,761.9
2019/6/19,771.5
2019/6/20,791.72
2019/6/21,825.19
2019/6/24,890.87
2019/6/25,917.07
2019/6/26,1069.88
2019/6/27,857.03
2019/6/28,956.43
2019/7/1,820.42
2019/7/2,852.62
2019/7/3,884.35
2019/7/4,916.85
2019/7/5,871.7
2019/7/8,944.21
2019/7/9,952.11
2019/7/10,910
2019/7/11,871.7
2019/7/12,877.86
2019/7/15,804.23
2019/7/16,717.02
2019/7/17,727.44
2019/7/18,786.15
2019/7/19,775.29
2019/7/22,754.78
2019/7/23,759.91
2019/7/24,729.13
2019/7/25,739.82
2019/7/26,746.91
2019/7/29,713.13
2019/7/30,725.19
2019/7/31,749.73
2019/8/1,766.73
2019/8/2,772.03
2019/8/5,852.68
2019/8/6,841.88
2019/8/7,846.13
2019/8/8,827.98
2019/8/9,834.75
2019/8/12,818.35
2019/8/13,787.01
2019/8/14,725.39
2019/8/15,723.83
2019/8/16,748.13
2019/8/19,765.63
2019/8/20,764.87
2019/8/21,723.93
2019/8/22,732.79
2019/8/23,748.61
2019/8/26,736.92
2019/8/27,727.62
2019/8/28,686.97
2019/8/29,676.27
2019/8/30,681.66
2019/9/2,720.02
2019/9/3,747.28
2019/9/4,748.66
2019/9/5,733.52
2019/9/6,722.28
2019/9/9,728.82
2019/9/10,708.57
2019/9/11,710.58
2019/9/12,725.52
2019/9/13,718.81
2019/9/16,720.26
2019/9/17,742.14
2019/9/18,742.67
2019/9/19,747.29
2019/9/20,737.98
2019/9/23,710.16
2019/9/24,611.8
2019/9/25,599.56
2019/9/26,583.42
2019/9/27,577.13
2019/9/30,599.99
2019/10/1,600.41
2019/10/2,599.47
2019/10/3,589.9
2019/10/4,596.89
2019/10/7,603.63
2019/10/8,599.25
2019/10/9,631.56
2019/10/10,627.55
2019/10/11,607.96
2019/10/14,614.15
2019/10/15,599.7
2019/10/16,583.05
2019/10/17,593.1
2019/10/18,585.12
2019/10/21,599.75
2019/10/22,597.3
2019/10/23,549.12
2019/10/24,552.42
2019/10/25,629.37
2019/10/28,679.35
2019/10/29,671.99
2019/10/30,668.34
2019/10/31,669.49
2019/11/1,665.05
2019/11/4,687.31
2019/11/5,683.4
2019/11/6,680.16
2019/11/7,670.46
2019/11/8,645.61
2019/11/11,643.24
2019/11/12,647.85
2019/11/13,646.06
2019/11/14,638.39
2019/11/15,623.54
2019/11/18,604.13
2019/11/19,595.91
2019/11/20,593.92
2019/11/21,555.7
2019/11/22,536.19
2019/11/25,521.07
2019/11/26,520.6
2019/11/27,549.74
2019/11/28,551.47
2019/11/29,562.4
2019/12/2,530.48
2019/12/3,531.45
2019/12/4,524.93
2019/12/5,535.28
2019/12/6,538.4
2019/12/9,528.6
2019/12/10,521.49
2019/12/11,518.85
2019/12/12,525.36
2019/12/13,525.3
2019/12/16,492.82
2019/12/17,467.51
2019/12/18,506.06
2019/12/19,505.36
2019/12/20,510.86
2019/12/23,521.53
2019/12/24,510.31
2019/12/25,509.96
2019/12/26,512.06
2019/12/27,510.36
2019/12/30,515.88
2019/12/31,507.17
2020/1/1,513.82
2020/1/2,492.94
2020/1/3,520.66
2020/1/6,543.35
2020/1/7,578.79
2020/1/8,565.39
2020/1/9,550.39
2020/1/10,573.42
2020/1/13,580.77
2020/1/14,627.6
2020/1/15,640.9
2020/1/16,636.03
2020/1/17,649.09
2020/1/20,632.43
2020/1/21,637.77
2020/1/22,632.86
2020/1/23,607.89
2020/1/24,616.77
2020/1/27,655.2
2020/1/28,660.83
2020/1/29,682.97
2020/1/30,700.76
2020/1/31,680.91
2020/2/3,689.54
2020/2/4,681.58
2020/2/5,722.76
2020/2/6,734.48
2020/2/7,733.78
2020/2/10,746.42
2020/2/11,781.1
2020/2/12,806.42
2020/2/13,791.97
2020/2/14,812.63
2020/2/17,740.03
2020/2/18,787.8
2020/2/19,778.47
2020/2/20,730.85
2020/2/21,742.78
2020/2/24,732.04
2020/2/25,707.23
2020/2/26,660.67
2020/2/27,671
2020/2/28,648.53
2020/3/2,672.68
2020/3/3,656.78
2020/3/4,655.28
2020/3/5,687.54
2020/3/6,691.02
2020/3/9,584.02
2020/3/10,593.9
2020/3/11,581.37
2020/3/12,441.12
2020/3/13,398.15
2020/3/16,367.26
2020/3/17,392.35
2020/3/18,390.7
2020/3/19,456.23
2020/3/20,447.15
2020/3/23,454.86
2020/3/24,484.56
2020/3/25,476.47
2020/3/26,480.85
2020/3/27,482.59
2020/3/30,463.16
2020/3/31,470.22
2020/4/1,451.55
2020/4/2,492.02
2020/4/3,492.79
2020/4/6,535.01
2020/4/7,536.91
2020/4/8,541.75
2020/4/9,536.57
2020/4/10,508.2
2020/4/13,501.31
2020/4/14,510.5
2020/4/15,496.31
2020/4/16,518.14
2020/4/17,523.95
2020/4/20,502.41
2020/4/21,511.46
2020/4/22,528.95
2020/4/23,559.38
2020/4/24,559.52
2020/4/27,571.69
2020/4/28,575.49
2020/4/29,645.7
2020/4/30,644.65
2020/5/1,639.9
2020/5/4,643.98
2020/5/5,647.8
2020/5/6,665.51
2020/5/7,703.99
2020/5/8,710.92
2020/5/11,623.87
2020/5/12,632.52
2020/5/13,655.23
2020/5/14,684.51
2020/5/15,661.16
2020/5/18,692.66
2020/5/19,688.42
2020/5/20,681.07
2020/5/21,646.79
2020/5/22,660.94
2020/5/25,647.84
2020/5/26,637.52
2020/5/27,660.77
2020/5/28,681.09
2020/5/29,679.51
2020/6/1,701.78
2020/6/2,696.01
2020/6/3,704.36
2020/6/4,718.59
2020/6/5,714.23
2020/6/8,712.38
2020/6/9,715.28
2020/6/10,725.76
2020/6/11,678.07
2020/6/12,692.15
2020/6/15,688.74
2020/6/16,693.66
2020/6/17,682.75
2020/6/18,686.13
2020/6/19,679.71
2020/6/22,702.88
2020/6/23,708.11
2020/6/24,682.05
2020/6/25,681.35
2020/6/26,673.23
2020/6/29,669.13
2020/6/30,666.66
2020/7/1,677.08
2020/7/2,662.38
2020/7/3,667.36
2020/7/6,688.63
2020/7/7,688.35
2020/7/8,711.62
2020/7/9,692.63
2020/7/10,694.49
2020/7/13,694.93
2020/7/14,701.97
2020/7/15,693.92
2020/7/16,687.7
2020/7/17,691.55
2020/7/20,690
2020/7/21,706.96
2020/7/22,709.76
2020/7/23,732.57
2020/7/24,734.82
2020/7/27,817.97
2020/7/28,832.99
2020/7/29,846.58
2020/7/30,846.63
2020/7/31,863.49
2020/8/3,892.36
2020/8/4,879.62
2020/8/5,907.64
2020/8/6,924.41
2020/8/7,889.32
2020/8/10,928.04
2020/8/11,889.46
2020/8/12,906.94
2020/8/13,912.46
2020/8/14,948.72
2020/8/17,991.5
2020/8/18,960.17
2020/8/19,921.87
2020/8/20,944.85
2020/8/21,925.21
2020/8/24,935.8
2020/8/25,892.54
2020/8/26,910.56
2020/8/27,885.48
2020/8/28,912.36
2020/8/31,947.81
2020/9/1,977.79
2020/9/2,918.58
2020/9/3,860.28
2020/9/4,845.72
2020/9/7,795.59
2020/9/8,784.06
2020/9/9,812.61
2020/9/10,815.91
2020/9/11,822.7
2020/9/14,843.63
2020/9/15,841.31
2020/9/16,851.08
2020/9/17,858.21
2020/9/18,849.65
2020/9/21,803.3
2020/9/22,803.56
2020/9/23,783.64
2020/9/24,815.48
2020/9/25,828.91
2020/9/28,842.44
2020/9/29,831.17
2020/9/30,828
2020/10/1,820.38
2020/10/2,808.04
2020/10/5,827.32
2020/10/6,809.64
2020/10/7,815.09
2020/10/8,834.46
2020/10/9,850.28
2020/10/12,892.16
2020/10/13,878.31
2020/10/14,871.56
2020/10/15,884.03
2020/10/16,862.97
2020/10/19,890.1
2020/10/20,890.57
2020/10/21,947.89
2020/10/22,982.14
2020/10/23,967.11
2020/10/26,963
2020/10/27,1004.74
2020/10/28,965.33
2020/10/29,982.85
2020/10/30,979.86
2020/11/2,985.18
2020/11/3,984.36
2020/11/4,1006.71
2020/11/5,1071.1
2020/11/6,1109.17
2020/11/9,1104.35
2020/11/10,1104.1
2020/11/11,1131.88
2020/11/12,1149.49
2020/11/13,1162.31
2020/11/16,1192.66
2020/11/17,1252.02
2020/11/18,1239.77
2020/11/19,1266.51
2020/11/20,1315.16
2020/11/23,1370.15
2020/11/24,1440.46
2020/11/25,1409.41
2020/11/26,1271.74
2020/11/27,1260.68
2020/11/30,1442.1
2020/12/1,1411.34
2020/12/2,1418.08
2020/12/3,1439.92
2020/12/4,1400.08
2020/12/7,1403.95
2020/12/8,1365.47
2020/12/9,1351.9
2020/12/10,1350.79
2020/12/11,1318.86
2020/12/14,1400.45
2020/12/15,1419.66
2020/12/16,1510.07
2020/12/17,1631.36
2020/12/18,1632.97
2020/12/21,1607.41
2020/12/22,1638.86
2020/12/23,1596.53
2020/12/24,1597.92
2020/12/25,1666.36
2020/12/28,1835.38
2020/12/29,1830.36
2020/12/30,1929.21
2020/12/31,1950.81
2021/1/1,1956.72
2021/1/4,2173.9
2021/1/5,2351.77
2021/1/6,2523.97
2021/1/7,2709.8
2021/1/8,2636.86
2021/1/11,2298.65
2021/1/12,2372.37
2021/1/13,2506.64
2021/1/14,2707.13
2021/1/15,2484.05
2021/1/18,2577.25
2021/1/19,2645.62
2021/1/20,2555.63
2021/1/21,2321.85
2021/1/22,2442.03
2021/1/25,2468.56
2021/1/26,2384.72
2021/1/27,2336.86
2021/1/28,2417.15
2021/1/29,2523.01
2021/2/1,2508.53
2021/2/2,2680.95
2021/2/3,2805.01
2021/2/4,2843.46
2021/2/5,2901.67
2021/2/8,3268.32
2021/2/9,3479.34
2021/2/10,3358.61
2021/2/11,3550.6
2021/2/12,3653.74
2021/2/15,3722.42
2021/2/16,3670.41
2021/2/17,3919.11
2021/2/18,3973.3
2021/2/19,4224.79
2021/2/22,4055.39
2021/2/23,3567.94
2021/2/24,3690.05
2021/2/25,3688.69
2021/2/26,3476.29
2021/3/1,3655.07
2021/3/2,3574.17
2021/3/3,3800.26
2021/3/4,3638.04
2021/3/5,3706.02
2021/3/8,3931.04
2021/3/9,4135.73
2021/3/10,4198.94
2021/3/11,4297
2021/3/12,4190.64
2021/3/15,4215.75
2021/3/16,4187.3
2021/3/17,4348.41
2021/3/18,4273.88
2021/3/19,4425.75
2021/3/22,4189.82
2021/3/23,4145.59
2021/3/24,4080.38
2021/3/25,3923.28
2021/3/26,4069.72
2021/3/29,4365.98
2021/3/30,4476.49
2021/3/31,4455.38
2021/4/1,4536.89
2021/4/2,4581.27
2021/4/5,4680.17
2021/4/6,4661.73
2021/4/7,4425.32
2021/4/8,4608.35
2021/4/9,4670.01
2021/4/12,4861.66
2021/4/13,5102.32
2021/4/14,5034.26
2021/4/15,5241.09
2021/4/16,5150.68
2021/4/19,4651.26
2021/4/20,4781.32
2021/4/21,4751.31
2021/4/22,4582.5
2021/4/23,4349.01
2021/4/26,4616.64
2021/4/27,4749.07
2021/4/28,4830.69
2021/4/29,4672.44
2021/4/30,4984.95
2021/5/3,5237.87
2021/5/4,5061.42
2021/5/5,5328.64
2021/5/6,5325.38
2021/5/7,5415.67
2021/5/10,5393.29
2021/5/11,5547.49
2021/5/12,5395.92
2021/5/13,4828.86
2021/5/14,5148.73
2021/5/17,4530.05
2021/5/18,4508.39
2021/5/19,3743.39
2021/5/20,3876.76
2021/5/21,3354.1
2021/5/24,3672.13
2021/5/25,3470.03
2021/5/26,3710.43
2021/5/27,3739.11
2021/5/28,3419.77
2021/5/31,3538.16
2021/6/1,3469.09
2021/6/2,3707.85
2021/6/3,3772.09
2021/6/4,3591.84
2021/6/7,3529.33
2021/6/8,3234.78
2021/6/9,3462.06
2021/6/10,3425.4
2021/6/11,3412.19
2021/6/14,3622.73
2021/6/15,3636.46
2021/6/16,3512.04
2021/6/17,3423.99
2021/6/18,3187.76
2021/6/21,2893.63
2021/6/22,2800.28
2021/6/23,2852.91
2021/6/24,3046.93
2021/6/25,2812.64
2021/6/28,3045.71
2021/6/29,3220.95
2021/6/30,3127.37
2021/7/1,2968.62
2021/7/2,2986.72
2021/7/5,3103.27
2021/7/6,3141.7
2021/7/7,3214.7
2021/7/8,3017.79
2021/7/9,3028.96
2021/7/12,2937.35
2021/7/13,2864.13
2021/7/14,2903.64
2021/7/15,2809.47
2021/7/16,2811.65
2021/7/19,2676.51
2021/7/20,2591.17
2021/7/21,2766.49
2021/7/22,2867.86
2021/7/23,2843.83
2021/7/26,3424.3
2021/7/27,3241.68
2021/7/28,3417.52
2021/7/29,3389.48
2021/7/30,3418.81
2021/8/2,3501.12
2021/8/3,3396.25
2021/8/4,3584.17
2021/8/5,3673.86
2021/8/6,3853.35
2021/8/9,4104.77
2021/8/10,4105.53
2021/8/11,4274.49
2021/8/12,4057.52
2021/8/13,4272.77
2021/8/16,4319.6
2021/8/17,4247.9
2021/8/18,4175.52
2021/8/19,4373.06
2021/8/20,4552.32
2021/8/23,4668.35
2021/8/24,4545.22
2021/8/25,4567.69
2021/8/26,4384.78
2021/8/27,4565.09
2021/8/30,4648.25
2021/8/31,4595.45
2021/9/1,4775.4
2021/9/2,4889.33
2021/9/3,5037.98
2021/9/6,5152.47
2021/9/7,4525.37
2021/9/8,4592.91
2021/9/9,4601.21
2021/9/10,4486.09
2021/9/13,4417.6
2021/9/14,4542.88
2021/9/15,4739.13
2021/9/16,4687.72
2021/9/17,4610.03
2021/9/20,4207.68
2021/9/21,4022.83
2021/9/22,4214.62
2021/9/23,4370.58
2021/9/24,4119.17
2021/9/27,4135.64
2021/9/28,3962.04
2021/9/29,3942.4
2021/9/30,4148.43
2021/10/1,4576.37
2021/10/4,4687.96
2021/10/5,4793.14
2021/10/6,4995.85
2021/10/7,4967.16
2021/10/8,5020.21
2021/10/11,5049.98
2021/10/12,4922.14
2021/10/13,5076.35
2021/10/14,5197.11
2021/10/15,5395.95
2021/10/18,5301.71
2021/10/19,5488.36
2021/10/20,5741.76
2021/10/21,5542.94
2021/10/22,5448.98
2021/10/25,5625.03
2021/10/26,5627.89
2021/10/27,5297.42
2021/10/28,5528.42
2021/10/29,5659.2
2021/11/1,5630.62
2021/11/2,5828.84
2021/11/3,5860.93
2021/11/4,5717.66
2021/11/5,5740.54
2021/11/8,6111.93
2021/11/9,6215.99
2021/11/10,6031.64
2021/11/11,6057.05
2021/11/12,5988.32
2021/11/15,5937.28
2021/11/16,5500.51
2021/11/17,5574.43
2021/11/18,5324.24
2021/11/19,5445.32
2021/11/22,5265.55
2021/11/23,5518.31
2021/11/24,5415.19
2021/11/25,5616.55
2021/11/26,5195.9
2021/11/29,5491.34
2021/11/30,5538.29
2021/12/1,5493.38
2021/12/2,5518.99
2021/12/3,5172.05
2021/12/6,4759.93
2021/12/7,4901.14
2021/12/8,4986.11
2021/12/9,4668.24
2021/12/10,4671.23
2021/12/13,4404.16
2021/12/14,4523.6
2021/12/15,4740.85
2021/12/16,4666.64
2021/12/17,4477.46
2021/12/20,4600
2021/12/21,4737.4
2021/12/22,4810.25
2021/12/23,5007.34
2021/12/24,5005.46
2021/12/27,5087.61
2021/12/28,4724.41
2021/12/29,4667.16
2021/12/30,4648.2
2021/12/31,4510.88
2022/1/3,4579.95
2022/1/4,4646.6
2022/1/5,4368.55
2022/1/6,4284.18
2022/1/7,4100.53
2022/1/10,3990.12
2022/1/11,4145.92
2022/1/12,4308.33
2022/1/13,4200.09
2022/1/14,4239.82
2022/1/17,4133.55
2022/1/18,4053.58
2022/1/19,4024.72
2022/1/20,4127.75
2022/1/21,3625.83
2022/1/24,3378.34
2022/1/25,3346.3
2022/1/26,3380.22
2022/1/27,3207.38
2022/1/28,3391.6
2022/1/31,3497.17
2022/2/1,3539.35
2022/2/2,3472.4
2022/2/3,3338.22
2022/2/4,3722.57
2022/2/7,4064.29
2022/2/8,4030.04
2022/2/9,4126.44
2022/2/10,4010.39
2022/2/11,3805.53
2022/2/14,3759.36
2022/2/15,3978.38
2022/2/16,3993.03
2022/2/17,3696.64
2022/2/18,3600.35
2022/2/21,3413.94
2022/2/22,3356.58
2022/2/23,3374.53
2022/2/24,3390.6
2022/2/25,3475.15
2022/2/28,3690.07
2022/3/1,3869.39
2022/3/2,3829.73
2022/3/3,3674.1
2022/3/4,3461.24
2022/3/7,3280.11
2022/3/8,3364.12
2022/3/9,3607.82
2022/3/10,3472.78
2022/3/11,3354.36
2022/3/14,3362.08
2022/3/15,3460.47
2022/3/16,3565.13
2022/3/17,3603.88
2022/3/18,3716.14
2022/3/21,3681.93
2022/3/22,3770.36
2022/3/23,3783.2
2022/3/24,3952.65
2022/3/25,3956.07
2022/3/28,4317.12
2022/3/29,4306.41
2022/3/30,4290.66
2022/3/31,4157.11
2022/4/1,4295.47
2022/4/4,4266.68
2022/4/5,4259.1
2022/4/6,3994.05
2022/4/7,3971.47
2022/4/8,3925.7
2022/4/11,3628.84
2022/4/12,3584.44
2022/4/13,3740.82
2022/4/14,3628.04
2022/4/15,3678.87
2022/4/18,3681.94
2022/4/19,3777.98
2022/4/20,3746.88
2022/4/21,3730.35
2022/4/22,3611.53
2022/4/25,3641.63
2022/4/26,3448.91
2022/4/27,3487.14
2022/4/28,3579.85
2022/4/29,3418.4
2022/5/2,3403.13
2022/5/3,3334.19
2022/5/4,3558.93
2022/5/5,3254.46
2022/5/6,3229.67
2022/5/9,2701.78
2022/5/10,2752.37
2022/5/11,2422.63
2022/5/12,2311.9
2022/5/13,2465.25
2022/5/16,2434.01
2022/5/17,2473.47
2022/5/18,2392.63
2022/5/19,2424.63
2022/5/20,2383.91
2022/5/23,2389.47
2022/5/24,2390.17
2022/5/25,2395.82
2022/5/26,2314.73
2022/5/27,2253.12
2022/5/30,2427.78
2022/5/31,2485.22
2022/6/1,2354.45
2022/6/2,2367.12
2022/6/3,2294.13
2022/6/6,2429
2022/6/7,2403
2022/6/8,2338.02
2022/6/9,2328.77
2022/6/10,2224.79
2022/6/13,1744.36
2022/6/14,1694.57
2022/6/15,1671.8
2022/6/16,1600.73
2022/6/17,1584.31
2022/6/20,1586.57
2022/6/21,1644.25
2022/6/22,1586.84
2022/6/23,1655.08
2022/6/24,1724.55
2022/6/27,1682.45
2022/6/28,1630.95
2022/6/29,1609.4
2022/6/30,1504.09
2022/7/1,1547.22
2022/7/4,1594.63
2022/7/5,1629.38
2022/7/6,1633.51
2022/7/7,1746.46
2022/7/8,1736.98
2022/7/11,1632.7
2022/7/12,1535.01
2022/7/13,1560.82
2022/7/14,1659.17
2022/7/15,1716.13
2022/7/18,1818.62
2022/7/19,1954.5
2022/7/20,1950.36
2022/7/21,1938.43
2022/7/22,1883.52
2022/7/25,1827.66
2022/7/26,1727.22
2022/7/27,1916.27
2022/7/28,2028.53
2022/7/29,2044.99
2022/8/1,1963.49
2022/8/2,1965.86
2022/8/3,2010.91
2022/8/4,1940.81
2022/8/5,2004.52
2022/8/8,2103.28
2022/8/9,2016.83
2022/8/10,2100.51
2022/8/11,2154.44
2022/8/12,2166.46
2022/8/15,2136.27
2022/8/16,2127.63
2022/8/17,2071.49
2022/8/18,2076.92
2022/8/19,1890.82
2022/8/22,1833.97
2022/8/23,1893.3
2022/8/24,1915.06
2022/8/25,1919.91
2022/8/26,1805.08
2022/8/29,1766.45
2022/8/30,1762.33
2022/8/31,1788.02
2022/9/1,1764.77
2022/9/2,1766.84
2022/9/5,1771.81
2022/9/6,1711.48
2022/9/7,1726.43
2022/9/8,1781.98
2022/9/9,1904.18
2022/9/12,1961.44
2022/9/13,1802.49
2022/9/14,1782.99
2022/9/15,1738.25
2022/9/16,1708.25
2022/9/19,1675.75
2022/9/20,1642.95
2022/9/21,1635.27
2022/9/22,1657.15
2022/9/23,1623.99
2022/9/26,1654.41
2022/9/27,1641.87
2022/9/28,1670.78
2022/9/29,1664.13
2022/9/30,1671.06
2022/10/3,1665.94
2022/10/4,1718.87
2022/10/5,1708.96
2022/10/6,1704.87
2022/10/7,1664.41
2022/10/10,1642.11
2022/10/11,1610.43
2022/10/12,1620.9
2022/10/13,1625.46
2022/10/14,1617.69
2022/10/17,1651.64
2022/10/18,1625.92
2022/10/19,1623.5
2022/10/20,1600.12
2022/10/21,1613.78
2022/10/24,1639.79
2022/10/25,1744.45
2022/10/26,1788.2
2022/10/27,1782.13
2022/10/28,1786.87
2022/10/31,1790.72
2022/11/1,1794.73
2022/11/2,1764.7
2022/11/3,1784.68
2022/11/4,1879.54
2022/11/7,1842.1
2022/11/8,1573.6
2022/11/9,1431.61
2022/11/10,1564.13
2022/11/11,1444.69
2022/11/14,1402.22
2022/11/15,1449.82
2022/11/16,1418.96
2022/11/17,1420.22
2022/11/18,1422.45
2022/11/21,1331.38
2022/11/22,1362.45
2022/11/23,1421.13
2022/11/24,1426.18
2022/11/25,1424.52
2022/11/28,1399.41
2022/11/29,1427.91
2022/11/30,1483.88
2022/12/1,1465.02
2022/12/2,1480.46
2022/12/5,1462.34
2022/12/6,1462.24
2022/12/7,1439.8
2022/12/8,1476.26
2022/12/9,1465.6
2022/12/12,1456
2022/12/13,1501.12
2022/12/14,1496.89
2022/12/15,1464.25
2022/12/16,1403.87
2022/12/19,1362.87
2022/12/20,1390.82
2022/12/21,1381.92
2022/12/22,1383.82
2022/12/23,1386.63
2022/12/26,1387.34
2022/12/27,1375.44
2022/12/28,1361.7
2022/12/29,1358.11
2022/12/30,1358.74
2023/1/2,1385.4
2023/1/3,1378.69
2023/1/4,1405.51
2023/1/5,1410.75
2023/1/6,1415.47
2023/1/9,1469.89
2023/1/10,1494.91
2023/1/11,1496.87
2023/1/12,1603
2023/1/13,1626.79
2023/1/16,1778.7
2023/1/17,1786.3
2023/1/18,1714.5
2023/1/19,1748.74
2023/1/20,1845.06
2023/1/23,1891.03
2023/1/24,1884.5
2023/1/25,1866.6
2023/1/26,1890.62
2023/1/27,1894.56
2023/1/30,1848.27
2023/1/31,1888.17
2023/2/1,1930.75
2023/2/2,1976.53
2023/2/3,1945.4
2023/2/6,1928.62
2023/2/7,1953.97
2023/2/8,1922.58
2023/2/9,1843.52
2023/2/10,1815.4
2023/2/13,1786.3
2023/2/14,1849.34
2023/2/15,1987.86
2023/2/16,2012.9
2023/2/17,2045.56
2023/2/20,2054.53
2023/2/21,2018.53
2023/2/22,1963
2023/2/23,1985.34
2023/2/24,1922.92
2023/2/27,1927.16
2023/2/28,1923.14
2023/3/1,1937.74
2023/3/2,1932.24
2023/3/3,1837.31
2023/3/6,1831.74
2023/3/7,1805.83
2023/3/8,1805.73
2023/3/9,1645.39
2023/3/10,1646.01
2023/3/13,1956.28
2023/3/14,2014.83
2023/3/15,1936.03
2023/3/16,1985.45
2023/3/17,2097.16
2023/3/20,2132.54
2023/3/21,2166.78
2023/3/22,2055.2
2023/3/23,2177.27
2023/3/24,2122.11
2023/3/27,2045.87
2023/3/28,2102.4
2023/3/29,2163.63
2023/3/30,2129.04
2023/3/31,2172.36
2023/4/3,2149.66
2023/4/4,2170.9
2023/4/5,2186.63
2023/4/6,2163.98
2023/4/7,2150.54
2023/4/10,2219.49
2023/4/11,2271.59
2023/4/12,2252.29
2023/4/13,2319.93
2023/4/14,2351.09
2023/4/17,2321.38
2023/4/18,2359.47
2023/4/19,2263.27
2023/4/20,2181.17
2023/4/21,2107.12
2023/4/24,2114.64
2023/4/25,2124.01
2023/4/26,2130.29
2023/4/27,2249.02
2023/4/28,2218.22
2023/5/1,2119.39
2023/5/2,2177.33
2023/5/3,2155.43
2023/5/4,2184.17
2023/5/5,2250.54
2023/5/8,2070.58
2023/5/9,2095.69
2023/5/10,2099.22
2023/5/11,2028.65
2023/5/12,2017.56
2023/5/15,2082.15
2023/5/16,2052.04
2023/5/17,2086.23
2023/5/18,2038.7
2023/5/19,2049.84
2023/5/22,2050.57
2023/5/23,2077.21
2023/5/24,2009.06
2023/5/25,2024.48
2023/5/26,2048.46
2023/5/29,2108.44
2023/5/30,2124.26
2023/5/31,2065.71
2023/6/1,2061.48
2023/6/2,2095.26
2023/6/5,1966.34
2023/6/6,2062.7
2023/6/7,2002.44
2023/6/8,2005.69
2023/6/9,1985.03
2023/6/12,1889.34
2023/6/13,1900.94
2023/6/14,1900.73
2023/6/15,1856.53
2023/6/16,1915.77
2023/6/19,1930.8
2023/6/20,2011.11
2023/6/21,2143.68
2023/6/22,2150.34
2023/6/23,2193.68
2023/6/26,2148.67
2023/6/27,2181.07
2023/6/28,2119.29
2023/6/29,2157.34
2023/6/30,2182.7
2023/7/3,2248.44
2023/7/4,2206.75
2023/7/5,2177.02
2023/7/6,2166.01
2023/7/7,2156.62
2023/7/10,2200.58
2023/7/11,2180.73
2023/7/12,2163.83
2023/7/13,2292.25
2023/7/14,2187.21
2023/7/17,2166.22
2023/7/18,2155.16
2023/7/19,2183.25
2023/7/20,2163.88
2023/7/21,2175.58
2023/7/24,2112.89
2023/7/25,2118.66
2023/7/26,2137.79
2023/7/27,2123.53
2023/7/28,2138.5
2023/7/31,2119.91
2023/8/1,2125.94
2023/8/2,2110.05
2023/8/3,2114.57
2023/8/4,2096.85
2023/8/7,2100.75
2023/8/8,2151.96
2023/8/9,2124.52
2023/8/10,2124.45
2023/8/11,2120.37
2023/8/14,2120.64
2023/8/15,2096.74
2023/8/16,2082.68
2023/8/17,1999.35
2023/8/18,1882.54
2023/8/21,1888.9
2023/8/22,1853.33
2023/8/23,1922.59
2023/8/24,1879.94
2023/8/25,1874.1
2023/8/28,1876.33
2023/8/29,1993.35
2023/8/30,1947.54
2023/8/31,1882.75
2023/9/1,1845.36
2023/9/4,1861.92
2023/9/5,1853.67
2023/9/6,1853.86
2023/9/7,1864.9
2023/9/8,1864.15
2023/9/11,1780.69
2023/9/12,1850.76
2023/9/13,1856.56
2023/9/14,1894.53
2023/9/15,1879.65
2023/9/18,1909.42
2023/9/19,1929.75
2023/9/20,1907.56
2023/9/21,1881.91
2023/9/22,1878.91
2023/9/25,1870.97
2023/9/26,1865.19
2023/9/27,1867.87
2023/9/28,1929.82
2023/9/29,1924.73
2023/10/2,1978.39
2023/10/3,1936.84
2023/10/4,1948.1
2023/10/5,1934.3
2023/10/6,1967.98
2023/10/9,1919.85
2023/10/10,1905.89
2023/10/11,1874.06
2023/10/12,1859.85
2023/10/13,1869.71
2023/10/16,1966.32
2023/10/17,1957.16
2023/10/18,1942.69
2023/10/19,1967.46
2023/10/20,2020.68
2023/10/23,2150.02
2023/10/24,2277.64
2023/10/25,2328.61
2023/10/26,2294.99
2023/10/27,2275.61
2023/10/30,2332.23
2023/10/31,2335.97
2023/11/1,2357.74
2023/11/2,2373.28
2023/11/3,2350.56
2023/11/6,2430.2
2023/11/7,2458.21
2023/11/8,2461.24
2023/11/9,2531.05
2023/11/10,2606.83
2023/11/13,2592.51
2023/11/14,2480.42
2023/11/15,2635.48
2023/11/16,2521.66
2023/11/17,2534.19
2023/11/20,2621.19
2023/11/21,2558.74
2023/11/22,2624.58
2023/11/23,2601.25
2023/11/24,2638.96
2023/11/27,2550.02
2023/11/28,2650.33
2023/11/29,2609.09
2023/11/30,2619.14
2023/12/1,2683.64
2023/12/4,2862.35
2023/12/5,2964.87
2023/12/6,2969.89
2023/12/7,2977.72
2023/12/8,3069.73
2023/12/11,2856.92
2023/12/12,2885.7
2023/12/13,2996.54
2023/12/14,3011.08
2023/12/15,2969.36
2023/12/18,2919.9
2023/12/19,2930
2023/12/20,3006.6
2023/12/21,3076.36
2023/12/22,3099.17
2023/12/25,3117.57
2023/12/26,3037.72
2023/12/27,3159.27
2023/12/28,3100.18
2023/12/29,3058.02
2024/1/1,3163.07
2024/1/2,3205.62
2024/1/3,3045.65
2024/1/4,3140.01
2024/1/5,3093.46
2024/1/8,3223.78
2024/1/9,3167
2024/1/10,3231.34
2024/1/11,3304.76
2024/1/12,3170.83
2024/1/15,3127.98
2024/1/16,3157.72
2024/1/17,3118.82
2024/1/18,2977.28
2024/1/19,3024.16
2024/1/22,2905.42
2024/1/23,2797.3
2024/1/24,2825.41
2024/1/25,2848.73
2024/1/26,2973.76
2024/1/29,3064.14
2024/1/30,3104.38
2024/1/31,3009.79
2024/2/1,3033.95
2024/2/2,3039.98
2024/2/5,3006.83
2024/2/6,3065.81
2024/2/7,3135.65
2024/2/8,3204.01
2024/2/9,3321.93
2024/2/12,3502.82
2024/2/13,3461.05
2024/2/14,3616.92
2024/2/15,3642.8
2024/2/16,3631.98
2024/2/19,3696.18
2024/2/20,3703.14
2024/2/21,3616.7
2024/2/22,3722.45
2024/2/23,3658.3
2024/2/26,3905.42
2024/2/27,4033.73
2024/2/28,4196.32
2024/2/29,4332.89
2024/3/1,4404.78
2024/3/4,4704.07
2024/3/5,4318.82
2024/3/6,4768.19
2024/3/7,4861.18
2024/3/8,4943.03
2024/3/11,5126.74
2024/3/12,5107.12
2024/3/13,5241.83
2024/3/14,4960.94
2024/3/15,4931.82
2024/3/18,4744.67
2024/3/19,4564.9
2024/3/20,4654.92
2024/3/21,4650.45
2024/3/22,4556.77
2024/3/25,5043.13
2024/3/26,4932.82
2024/3/27,4862.82
2024/3/28,4997.37
2024/3/29,4943.71
2024/4/1,4912.1
2024/4/2,4649.73
2024/4/3,4637.39
2024/4/4,4795.94
2024/4/5,4707.14
2024/4/8,5045.92
2024/4/9,4850.04
2024/4/10,4887.03
2024/4/11,4900.21
2024/4/12,4532.26
2024/4/15,4307.1
2024/4/16,4244.47
2024/4/17,4160.88
2024/4/18,4306.66
2024/4/19,4368.02
2024/4/22,4548.87
2024/4/23,4558.04
2024/4/24,4396.34
2024/4/25,4433.13
2024/4/26,4365.82
2024/4/29,4317.6
2024/4/30,4031.28
2024/5/1,3947.8
2024/5/2,4108.21
2024/5/3,4272.04
2024/5/6,4336.99
2024/5/7,4317.32
2024/5/8,4251.22
2024/5/9,4286.91
2024/5/10,4163.62
2024/5/13,4285.79
2024/5/14,4170.97
2024/5/15,4443.21
2024/5/16,4376.6
2024/5/17,4525.28
2024/5/20,4777.05
2024/5/21,4810.09
2024/5/22,4833.32
2024/5/23,4699.4
2024/5/24,4786.65
2024/5/27,4832.96
2024/5/28,4787.67
2024/5/29,4705.88
2024/5/30,4769.81
2024/5/31,4716.95
2024/6/3,4798.13
2024/6/4,4885.94
2024/6/5,4963.51
2024/6/6,4894.62
2024/6/7,4765.82
2024/6/10,4747.2
2024/6/11,4566.26
2024/6/12,4599.63
2024/6/13,4526.34
2024/6/14,4430.97
2024/6/17,4520.99
2024/6/18,4321.79
2024/6/19,4403.21
2024/6/20,4407.79
2024/6/21,4363.94
2024/6/24,4064.82
2024/6/25,4255.12
2024/6/26,4202.46
2024/6/27,4250.09
2024/6/28,4152.98
2024/7/1,4331.07
2024/7/2,4264.38
2024/7/3,4085.87
2024/7/4,3953.96
2024/7/5,3816.79
2024/7/8,3841.53
2024/7/9,3932.48
2024/7/10,3928.09
2024/7/11,3925.39
2024/7/12,3944.38
2024/7/15,4330.69
2024/7/16,4439.03
2024/7/17,4391.24
2024/7/18,4326.25
2024/7/19,4551.44
2024/7/22,4598.75
2024/7/23,4437.13
2024/7/24,4419.32
2024/7/25,4276.8
2024/7/26,4500.61
2024/7/29,4481.01
2024/7/30,4389.28
2024/7/31,4355.57
2024/8/1,4199.45
2024/8/2,4108.16
2024/8/5,3455.54
2024/8/6,3667.83
2024/8/7,3525.85
2024/8/8,3825.71
2024/8/9,3888.4
2024/8/12,3825.28
2024/8/13,3927.37
2024/8/14,3830.29
2024/8/15,3701.66
2024/8/16,3838.48
2024/8/19,3823.55
2024/8/20,3863.11
2024/8/21,3975.68
2024/8/22,3916.82
2024/8/23,4125.53
2024/8/26,4072.42
2024/8/27,3988.59
2024/8/28,3798.78
2024/8/29,3813.36
2024/8/30,3773.64
2024/9/2,3752.58
2024/9/3,3706
2024/9/4,3705.66
2024/9/5,3582.63
2024/9/6,3423.81
2024/9/9,3663.8
2024/9/10,3715.23
2024/9/11,3684.18
2024/9/12,3735.97
2024/9/13,3815.89
2024/9/16,3671.83
2024/9/17,3789.21
2024/9/18,3779.67
2024/9/19,3996.16
2024/9/20,4003.68
2024/9/23,4085.27
2024/9/24,4135.15
2024/9/25,4065.16
2024/9/26,4174.38
2024/9/27,4246.89
2024/9/30,4094.35
2024/10/1,3942.55
2024/10/2,3829.7
2024/10/3,3857.55
2024/10/4,3962.35
2024/10/7,4023.73
2024/10/8,3961.55
2024/10/9,3888.93
2024/10/10,3808.74
2024/10/11,4009.02
2024/10/14,4202.77
2024/10/15,4233.06
2024/10/16,4265.4
2024/10/17,4203.36
2024/10/18,4312.53
2024/10/21,4301.61
2024/10/22,4269.7
2024/10/23,4184
2024/10/24,4286.35
2024/10/25,4176.83
2024/10/28,4304.77
2024/10/29,4477.59
2024/10/30,4448.62
2024/10/31,4300.97
2024/11/1,4267.77
2024/11/4,4117.13
2024/11/5,4234.77
2024/11/6,4649.51
2024/11/7,4745.92
2024/11/8,4761.91
2024/11/11,5421.14
2024/11/12,5487.5
2024/11/13,5436.4
2024/11/14,5330.42
2024/11/15,5514.94
2024/11/18,5616.1
2024/11/19,5635.83
2024/11/20,5684.94
2024/11/21,5956.07
2024/11/22,6022.06
2024/11/25,5958.59
2024/11/26,5707.07
2024/11/27,6084.15
2024/11/28,5983.17
2024/11/29,6140.47
2024/12/2,6130.04
2024/12/3,6211.62
2024/12/4,6468.25
2024/12/5,6447.88
2024/12/6,6652.53
2024/12/9,6184.26
2024/12/10,6116.64
2024/12/11,6464.92
2024/12/12,6453.18
2024/12/13,6526.13
2024/12/16,6696.53
2024/12/17,6695.81
2024/12/18,6281.14
2024/12/19,5917.24
2024/12/20,5954.46
2024/12/23,5834.35
2024/12/24,6043.68
2024/12/25,6126.82
2024/12/26,5887.84
2024/12/27,5861.38
2024/12/30,5868.59
2024/12/31,5795.04
2025/1/1,5885.79
2025/1/2,6054.57
2025/1/3,6201.34
2025/1/6,6406.98
2025/1/7,5998.48
2025/1/8,5815.83
2025/1/9,5674.79
2025/1/10,5840.5