Date,S&P U.S. Aggregate Bond Index
2014/12/31,182.02
2015/1/2,182.44
2015/1/5,182.94
2015/1/6,183.48
2015/1/7,183.47
2015/1/8,183.12
2015/1/9,183.49
2015/1/12,183.83
2015/1/13,183.91
2015/1/14,184.21
2015/1/15,184.73
2015/1/16,184.19
2015/1/20,184.37
2015/1/21,184.05
2015/1/22,183.92
2015/1/23,184.46
2015/1/26,184.35
2015/1/27,184.42
2015/1/28,185.08
2015/1/29,184.91
2015/1/30,185.47
2015/2/2,185.49
2015/2/3,184.78
2015/2/4,184.8
2015/2/5,184.66
2015/2/6,183.81
2015/2/9,183.82
2015/2/10,183.53
2015/2/11,183.54
2015/2/12,183.66
2015/2/13,183.43
2015/2/17,182.73
2015/2/18,183.26
2015/2/19,183.02
2015/2/20,182.94
2015/2/23,183.43
2015/2/24,184.03
2015/2/25,184.14
2015/2/26,183.78
2015/2/27,184
2015/3/2,183.49
2015/3/3,183.26
2015/3/4,183.33
2015/3/5,183.44
2015/3/6,182.51
2015/3/9,182.85
2015/3/10,183.26
2015/3/11,183.4
2015/3/12,183.46
2015/3/13,183.33
2015/3/16,183.5
2015/3/17,183.67
2015/3/18,184.55
2015/3/19,184.29
2015/3/20,184.64
2015/3/23,184.75
2015/3/24,185.08
2015/3/25,184.77
2015/3/26,184.17
2015/3/27,184.63
2015/3/30,184.6
2015/3/31,184.79
2015/4/1,185.32
2015/4/2,185.03
2015/4/3,185.55
2015/4/6,185.14
2015/4/7,185.28
2015/4/8,185.29
2015/4/9,184.87
2015/4/10,184.9
2015/4/13,185.1
2015/4/14,185.36
2015/4/15,185.4
2015/4/16,185.48
2015/4/17,185.65
2015/4/20,185.37
2015/4/21,185.27
2015/4/22,184.83
2015/4/23,185.02
2015/4/24,185.28
2015/4/27,185.26
2015/4/28,184.8
2015/4/29,184.4
2015/4/30,184.29
2015/5/1,183.81
2015/5/4,183.63
2015/5/5,183.39
2015/5/6,182.94
2015/5/7,183.32
2015/5/8,183.69
2015/5/11,182.79
2015/5/12,182.85
2015/5/13,182.71
2015/5/14,183.02
2015/5/15,183.7
2015/5/18,183.11
2015/5/19,182.75
2015/5/20,182.85
2015/5/21,183.29
2015/5/22,183.02
2015/5/26,183.59
2015/5/27,183.63
2015/5/28,183.71
2015/5/29,183.86
2015/6/1,183.26
2015/6/2,182.71
2015/6/3,182
2015/6/4,182.44
2015/6/5,181.75
2015/6/8,181.95
2015/6/9,181.6
2015/6/10,181.16
2015/6/11,181.89
2015/6/12,181.84
2015/6/15,181.95
2015/6/16,182.23
2015/6/17,182.32
2015/6/18,182.12
2015/6/19,182.67
2015/6/22,181.94
2015/6/23,181.63
2015/6/24,181.92
2015/6/25,181.75
2015/6/26,181.21
2015/6/29,182.25
2015/6/30,182.15
2015/7/1,181.56
2015/7/2,181.89
2015/7/6,182.69
2015/7/7,182.96
2015/7/8,183.2
2015/7/9,182.49
2015/7/10,181.71
2015/7/13,181.62
2015/7/14,181.89
2015/7/15,182.26
2015/7/16,182.28
2015/7/17,182.37
2015/7/20,182.16
2015/7/21,182.4
2015/7/22,182.52
2015/7/23,182.85
2015/7/24,182.86
2015/7/27,183.14
2015/7/28,182.95
2015/7/29,182.77
2015/7/30,182.88
2015/7/31,183.33
2015/8/3,183.73
2015/8/4,183.17
2015/8/5,182.8
2015/8/6,183.09
2015/8/7,183.45
2015/8/10,183.02
2015/8/11,183.73
2015/8/12,183.66
2015/8/13,183.26
2015/8/14,183.02
2015/8/17,183.29
2015/8/18,183.01
2015/8/19,183.51
2015/8/20,183.78
2015/8/21,183.97
2015/8/24,184.14
2015/8/25,183.33
2015/8/26,182.91
2015/8/27,183.05
2015/8/28,183.01
2015/8/31,182.88
2015/9/1,183.14
2015/9/2,182.93
2015/9/3,183.2
2015/9/4,183.51
2015/9/8,183.09
2015/9/9,183.27
2015/9/10,183.02
2015/9/11,183.31
2015/9/14,183.36
2015/9/15,182.53
2015/9/16,182.45
2015/9/17,183.3
2015/9/18,183.89
2015/9/21,183.27
2015/9/22,183.82
2015/9/23,183.71
2015/9/24,183.82
2015/9/25,183.51
2015/9/28,183.94
2015/9/29,184.12
2015/9/30,184.03
2015/10/1,184.17
2015/10/2,184.61
2015/10/5,184.22
2015/10/6,184.43
2015/10/7,184.34
2015/10/8,184.03
2015/10/9,184.11
2015/10/13,184.51
2015/10/14,185.02
2015/10/15,184.76
2015/10/16,184.75
2015/10/19,184.75
2015/10/20,184.46
2015/10/21,184.8
2015/10/22,184.97
2015/10/23,184.61
2015/10/26,184.85
2015/10/27,185.05
2015/10/28,184.54
2015/10/29,183.96
2015/10/30,184.13
2015/11/2,183.97
2015/11/3,183.71
2015/11/4,183.58
2015/11/5,183.51
2015/11/6,182.86
2015/11/9,182.73
2015/11/10,182.9
2015/11/12,182.88
2015/11/13,183.18
2015/11/16,183.24
2015/11/17,183.32
2015/11/18,183.3
2015/11/19,183.52
2015/11/20,183.37
2015/11/23,183.45
2015/11/24,183.49
2015/11/25,183.53
2015/11/27,183.61
2015/11/30,183.68
2015/12/1,184.23
2015/12/2,184.09
2015/12/3,182.96
2015/12/4,183.4
2015/12/7,183.79
2015/12/8,183.64
2015/12/9,183.78
2015/12/10,183.54
2015/12/11,184.18
2015/12/14,183.4
2015/12/15,183.12
2015/12/16,182.96
2015/12/17,183.34
2015/12/18,183.6
2015/12/21,183.61
2015/12/22,183.27
2015/12/23,183.05
2015/12/24,183.22
2015/12/28,183.39
2015/12/29,182.79
2015/12/30,182.86
2015/12/31,183.1
2016/1/4,183.41
2016/1/5,183.35
2016/1/6,183.92
2016/1/7,184.09
2016/1/8,184.29
2016/1/11,184.04
2016/1/12,184.44
2016/1/13,184.77
2016/1/14,184.39
2016/1/15,184.79
2016/1/19,184.68
2016/1/20,184.87
2016/1/21,184.67
2016/1/22,184.52
2016/1/25,184.7
2016/1/26,184.85
2016/1/27,184.83
2016/1/28,184.95
2016/1/29,185.35
2016/2/1,185.05
2016/2/2,185.74
2016/2/3,185.55
2016/2/4,185.71
2016/2/5,185.75
2016/2/8,186.42
2016/2/9,186.35
2016/2/10,186.57
2016/2/11,186.76
2016/2/12,186.02
2016/2/16,185.85
2016/2/17,185.67
2016/2/18,186.19
2016/2/19,186.21
2016/2/22,186.17
2016/2/23,186.35
2016/2/24,186.34
2016/2/25,186.65
2016/2/26,186.21
2016/2/29,186.42
2016/3/1,185.86
2016/3/2,185.92
2016/3/3,186.15
2016/3/4,185.91
2016/3/7,185.85
2016/3/8,186.42
2016/3/9,186.05
2016/3/10,185.91
2016/3/11,185.73
2016/3/14,185.98
2016/3/15,186.02
2016/3/16,186.42
2016/3/17,186.75
2016/3/18,187.04
2016/3/21,186.73
2016/3/22,186.67
2016/3/23,187.18
2016/3/24,187.01
2016/3/28,187.18
2016/3/29,187.79
2016/3/30,187.7
2016/3/31,188.04
2016/4/1,188.1
2016/4/4,188.23
2016/4/5,188.6
2016/4/6,188.39
2016/4/7,188.89
2016/4/8,188.69
2016/4/11,188.74
2016/4/12,188.4
2016/4/13,188.57
2016/4/14,188.45
2016/4/15,188.79
2016/4/18,188.69
2016/4/19,188.66
2016/4/20,188.25
2016/4/21,188.16
2016/4/22,188.1
2016/4/25,188.01
2016/4/26,187.84
2016/4/27,188.32
2016/4/28,188.59
2016/4/29,188.72
2016/5/2,188.45
2016/5/3,188.96
2016/5/4,189.05
2016/5/5,189.31
2016/5/6,189.13
2016/5/9,189.3
2016/5/10,189.3
2016/5/11,189.45
2016/5/12,189.23
2016/5/13,189.55
2016/5/16,189.2
2016/5/17,189.11
2016/5/18,188.27
2016/5/19,188.48
2016/5/20,188.5
2016/5/23,188.54
2016/5/24,188.4
2016/5/25,188.32
2016/5/26,188.72
2016/5/27,188.63
2016/5/31,188.69
2016/6/1,188.71
2016/6/2,188.99
2016/6/3,189.83
2016/6/6,189.68
2016/6/7,189.83
2016/6/8,189.97
2016/6/9,190.18
2016/6/10,190.43
2016/6/13,190.62
2016/6/14,190.53
2016/6/15,190.73
2016/6/16,190.89
2016/6/17,190.59
2016/6/20,190.3
2016/6/21,190.15
2016/6/22,190.27
2016/6/23,189.94
2016/6/24,190.93
2016/6/27,191.78
2016/6/28,191.79
2016/6/29,191.67
2016/6/30,191.76
2016/7/1,192.15
2016/7/5,193.02
2016/7/6,192.88
2016/7/7,192.97
2016/7/8,193.2
2016/7/11,192.85
2016/7/12,192.34
2016/7/13,192.73
2016/7/14,192.3
2016/7/15,191.86
2016/7/18,191.94
2016/7/19,192.17
2016/7/20,192
2016/7/21,192.11
2016/7/22,192.1
2016/7/25,192.07
2016/7/26,192.08
2016/7/27,192.5
2016/7/28,192.53
2016/7/29,192.93
2016/8/1,192.65
2016/8/2,192.28
2016/8/3,192.25
2016/8/4,192.64
2016/8/5,192.05
2016/8/8,192.14
2016/8/9,192.52
2016/8/10,192.86
2016/8/11,192.31
2016/8/12,192.77
2016/8/15,192.53
2016/8/16,192.35
2016/8/17,192.54
2016/8/18,192.81
2016/8/19,192.48
2016/8/22,192.86
2016/8/23,192.86
2016/8/24,192.85
2016/8/25,192.69
2016/8/26,192.21
2016/8/29,192.86
2016/8/30,192.77
2016/8/31,192.74
2016/9/1,192.78
2016/9/2,192.54
2016/9/6,193.05
2016/9/7,193.09
2016/9/8,192.42
2016/9/9,191.9
2016/9/12,191.92
2016/9/13,191.46
2016/9/14,191.73
2016/9/15,191.67
2016/9/16,191.75
2016/9/19,191.72
2016/9/20,191.84
2016/9/21,192.06
2016/9/22,192.45
2016/9/23,192.57
2016/9/26,192.82
2016/9/27,193.05
2016/9/28,192.98
2016/9/29,193.1
2016/9/30,192.63
2016/10/3,192.61
2016/10/4,192.14
2016/10/5,191.93
2016/10/6,191.76
2016/10/7,191.81
2016/10/11,191.58
2016/10/12,191.55
2016/10/13,191.86
2016/10/14,191.43
2016/10/17,191.73
2016/10/18,191.91
2016/10/19,191.97
2016/10/20,192
2016/10/21,192.05
2016/10/24,191.89
2016/10/25,191.92
2016/10/26,191.64
2016/10/27,191.22
2016/10/28,191.2
2016/10/31,191.25
2016/11/1,191.35
2016/11/2,191.49
2016/11/3,191.33
2016/11/4,191.6
2016/11/7,191.31
2016/11/8,191.03
2016/11/9,189.35
2016/11/10,188.86
2016/11/14,187.92
2016/11/15,187.97
2016/11/16,188.21
2016/11/17,187.71
2016/11/18,187.21
2016/11/21,187.2
2016/11/22,187.29
2016/11/23,186.94
2016/11/25,186.9
2016/11/28,187.39
2016/11/29,187.6
2016/11/30,187.01
2016/12/1,186.51
2016/12/2,186.96
2016/12/5,186.99
2016/12/6,186.99
2016/12/7,187.44
2016/12/8,187.12
2016/12/9,186.53
2016/12/12,186.57
2016/12/13,186.63
2016/12/14,186.04
2016/12/15,185.66
2016/12/16,185.54
2016/12/19,186.1
2016/12/20,185.94
2016/12/21,186.21
2016/12/22,186.19
2016/12/23,186.28
2016/12/27,186.12
2016/12/28,186.62
2016/12/29,186.98
2016/12/30,187.29
2017/1/3,187.3
2017/1/4,187.36
2017/1/5,188.17
2017/1/6,187.68
2017/1/9,188.06
2017/1/10,188.04
2017/1/11,188.16
2017/1/12,188.22
2017/1/13,187.98
2017/1/17,188.55
2017/1/18,187.86
2017/1/19,187.4
2017/1/20,187.45
2017/1/23,188.08
2017/1/24,187.55
2017/1/25,187.07
2017/1/26,187.28
2017/1/27,187.51
2017/1/30,187.49
2017/1/31,187.72
2017/2/1,187.51
2017/2/2,187.59
2017/2/3,187.52
2017/2/6,188.15
2017/2/7,188.34
2017/2/8,188.8
2017/2/9,188.53
2017/2/10,188.46
2017/2/13,188.33
2017/2/14,188.01
2017/2/15,187.71
2017/2/16,188.2
2017/2/17,188.47
2017/2/21,188.43
2017/2/22,188.55
2017/2/23,188.84
2017/2/24,189.46
2017/2/27,189.07
2017/2/28,189.09
2017/3/1,188.21
2017/3/2,188
2017/3/3,188.06
2017/3/6,188.04
2017/3/7,187.83
2017/3/8,187.42
2017/3/9,186.93
2017/3/10,187.1
2017/3/13,186.83
2017/3/14,186.92
2017/3/15,187.83
2017/3/16,187.7
2017/3/17,187.95
2017/3/20,188.24
2017/3/21,188.63
2017/3/22,188.9
2017/3/23,188.77
2017/3/24,188.93
2017/3/27,189.18
2017/3/28,188.82
2017/3/29,189.14
2017/3/30,188.87
2017/3/31,189.06
2017/4/3,189.58
2017/4/4,189.48
2017/4/5,189.56
2017/4/6,189.62
2017/4/7,189.31
2017/4/10,189.47
2017/4/11,190.07
2017/4/12,190.22
2017/4/13,190.68
2017/4/17,190.53
2017/4/18,191.18
2017/4/19,190.94
2017/4/20,190.64
2017/4/21,190.7
2017/4/24,190.44
2017/4/25,189.9
2017/4/26,190.12
2017/4/27,190.28
2017/4/28,190.4
2017/5/1,190.06
2017/5/2,190.39
2017/5/3,190.3
2017/5/4,189.98
2017/5/5,190.05
2017/5/8,189.88
2017/5/9,189.71
2017/5/10,189.68
2017/5/11,189.77
2017/5/12,190.39
2017/5/15,190.36
2017/5/16,190.54
2017/5/17,191.47
2017/5/18,191.31
2017/5/19,191.28
2017/5/22,191.24
2017/5/23,190.94
2017/5/24,191.17
2017/5/25,191.27
2017/5/26,191.31
2017/5/30,191.59
2017/5/31,191.72
2017/6/1,191.61
2017/6/2,192.13
2017/6/5,191.94
2017/6/6,192.27
2017/6/7,192.05
2017/6/8,191.9
2017/6/9,191.8
2017/6/12,191.74
2017/6/13,191.78
2017/6/14,192.47
2017/6/15,192.25
2017/6/16,192.34
2017/6/19,192.14
2017/6/20,192.5
2017/6/21,192.52
2017/6/22,192.57
2017/6/23,192.64
2017/6/26,192.81
2017/6/27,192.32
2017/6/28,192.25
2017/6/29,191.9
2017/6/30,191.63
2017/7/3,191.32
2017/7/5,191.48
2017/7/6,191.21
2017/7/7,191.04
2017/7/10,191.26
2017/7/11,191.38
2017/7/12,191.79
2017/7/13,191.62
2017/7/14,191.8
2017/7/17,191.97
2017/7/18,192.39
2017/7/19,192.41
2017/7/20,192.49
2017/7/21,192.78
2017/7/24,192.63
2017/7/25,191.99
2017/7/26,192.37
2017/7/27,192.2
2017/7/28,192.44
2017/7/31,192.44
2017/8/1,192.81
2017/8/2,192.73
2017/8/3,193.14
2017/8/4,192.79
2017/8/7,192.84
2017/8/8,192.69
2017/8/9,192.84
2017/8/10,193.12
2017/8/11,193.19
2017/8/14,193
2017/8/15,192.75
2017/8/16,193.02
2017/8/17,193.36
2017/8/18,193.3
2017/8/21,193.42
2017/8/22,193.21
2017/8/23,193.57
2017/8/24,193.4
2017/8/25,193.59
2017/8/28,193.68
2017/8/29,193.88
2017/8/30,193.82
2017/8/31,193.98
2017/9/1,193.67
2017/9/5,194.27
2017/9/6,193.96
2017/9/7,194.44
2017/9/8,194.34
2017/9/11,193.77
2017/9/12,193.5
2017/9/13,193.34
2017/9/14,193.46
2017/9/15,193.42
2017/9/18,193.27
2017/9/19,193.22
2017/9/20,193.07
2017/9/21,193
2017/9/22,193.18
2017/9/25,193.56
2017/9/26,193.5
2017/9/27,193.04
2017/9/28,193.04
2017/9/29,193.02
2017/10/2,192.99
2017/10/3,193.19
2017/10/4,193.2
2017/10/5,192.99
2017/10/6,192.84
2017/10/10,192.93
2017/10/11,193
2017/10/12,193.19
2017/10/13,193.55
2017/10/16,193.4
2017/10/17,193.4
2017/10/18,193.1
2017/10/19,193.2
2017/10/20,192.75
2017/10/23,192.92
2017/10/24,192.65
2017/10/25,192.44
2017/10/26,192.27
2017/10/27,192.59
2017/10/30,193.12
2017/10/31,193.03
2017/11/1,193.09
2017/11/2,193.29
2017/11/3,193.42
2017/11/6,193.58
2017/11/7,193.6
2017/11/8,193.42
2017/11/9,193.28
2017/11/10,192.62
2017/11/13,192.67
2017/11/14,192.86
2017/11/15,193.23
2017/11/16,192.91
2017/11/17,193.14
2017/11/20,193.03
2017/11/21,193.12
2017/11/22,193.51
2017/11/24,193.39
2017/11/27,193.46
2017/11/28,193.47
2017/11/29,193.12
2017/11/30,192.8
2017/12/1,193.3
2017/12/4,193.28
2017/12/5,193.45
2017/12/6,193.67
2017/12/7,193.42
2017/12/8,193.38
2017/12/11,193.26
2017/12/12,193.23
2017/12/13,193.72
2017/12/14,193.79
2017/12/15,193.82
2017/12/18,193.55
2017/12/19,193.03
2017/12/20,192.63
2017/12/21,192.76
2017/12/22,192.8
2017/12/26,192.97
2017/12/27,193.53
2017/12/28,193.42
2017/12/29,193.62
2018/1/2,193.19
2018/1/3,193.36
2018/1/4,193.28
2018/1/5,193.15
2018/1/8,193.15
2018/1/9,192.6
2018/1/10,192.64
2018/1/11,192.79
2018/1/12,192.76
2018/1/16,192.91
2018/1/17,192.63
2018/1/18,192.25
2018/1/19,191.98
2018/1/22,191.92
2018/1/23,192.22
2018/1/24,192.01
2018/1/25,192.37
2018/1/26,192.04
2018/1/29,191.8
2018/1/30,191.53
2018/1/31,191.63
2018/2/1,191.06
2018/2/2,190.63
2018/2/5,191.37
2018/2/6,190.92
2018/2/7,190.45
2018/2/8,190.46
2018/2/9,190.18
2018/2/12,190.13
2018/2/13,190.25
2018/2/14,189.53
2018/2/15,189.69
2018/2/16,189.98
2018/2/20,189.96
2018/2/21,189.48
2018/2/22,189.65
2018/2/23,190.02
2018/2/26,190.14
2018/2/27,189.87
2018/2/28,190.1
2018/3/1,190.53
2018/3/2,190.04
2018/3/5,189.89
2018/3/6,189.94
2018/3/7,189.91
2018/3/8,190.11
2018/3/9,189.89
2018/3/12,190.14
2018/3/13,190.3
2018/3/14,190.53
2018/3/15,190.48
2018/3/16,190.31
2018/3/19,190.22
2018/3/20,189.95
2018/3/21,189.95
2018/3/22,190.35
2018/3/23,190.39
2018/3/26,190.19
2018/3/27,190.78
2018/3/28,190.81
2018/3/29,191.09
2018/4/2,191.14
2018/4/3,190.76
2018/4/4,190.7
2018/4/5,190.49
2018/4/6,191.03
2018/4/9,191.09
2018/4/10,190.94
2018/4/11,191.08
2018/4/12,190.7
2018/4/13,190.77
2018/4/16,190.78
2018/4/17,190.89
2018/4/18,190.4
2018/4/19,190.05
2018/4/20,189.63
2018/4/23,189.51
2018/4/24,189.34
2018/4/25,189.01
2018/4/26,189.33
2018/4/27,189.62
2018/4/30,189.72
2018/5/1,189.48
2018/5/2,189.44
2018/5/3,189.62
2018/5/4,189.67
2018/5/7,189.66
2018/5/8,189.49
2018/5/9,189.19
2018/5/10,189.54
2018/5/11,189.65
2018/5/14,189.52
2018/5/15,188.86
2018/5/16,188.59
2018/5/17,188.47
2018/5/18,188.88
2018/5/21,188.94
2018/5/22,188.93
2018/5/23,189.43
2018/5/24,189.74
2018/5/25,190.18
2018/5/29,191.15
2018/5/30,190.6
2018/5/31,190.49
2018/6/1,190.09
2018/6/4,189.74
2018/6/5,189.93
2018/6/6,189.46
2018/6/7,189.88
2018/6/8,189.7
2018/6/11,189.61
2018/6/12,189.6
2018/6/13,189.46
2018/6/14,189.84
2018/6/15,189.9
2018/6/18,189.92
2018/6/19,190.14
2018/6/20,189.77
2018/6/21,189.98
2018/6/22,189.97
2018/6/25,190.1
2018/6/26,190.16
2018/6/27,190.6
2018/6/28,190.52
2018/6/29,190.47
2018/7/2,190.37
2018/7/3,190.69
2018/7/5,190.84
2018/7/6,191.03
2018/7/9,190.9
2018/7/10,190.87
2018/7/11,191.09
2018/7/12,191.09
2018/7/13,191.33
2018/7/16,191.18
2018/7/17,191.09
2018/7/18,191
2018/7/19,191.32
2018/7/20,190.92
2018/7/23,190.37
2018/7/24,190.56
2018/7/25,190.53
2018/7/26,190.43
2018/7/27,190.58
2018/7/30,190.52
2018/7/31,190.72
2018/8/1,190.42
2018/8/2,190.52
2018/8/3,190.85
2018/8/6,190.95
2018/8/7,190.73
2018/8/8,190.79
2018/8/9,191.1
2018/8/10,191.5
2018/8/13,191.41
2018/8/14,191.28
2018/8/15,191.57
2018/8/16,191.56
2018/8/17,191.62
2018/8/20,192.05
2018/8/21,191.91
2018/8/22,192.08
2018/8/23,192.08
2018/8/24,192.14
2018/8/27,191.91
2018/8/28,191.65
2018/8/29,191.63
2018/8/30,191.77
2018/8/31,191.74
2018/9/4,191.44
2018/9/5,191.37
2018/9/6,191.62
2018/9/7,191.11
2018/9/10,191.21
2018/9/11,190.85
2018/9/12,191
2018/9/13,191.08
2018/9/14,190.89
2018/9/17,190.92
2018/9/18,190.46
2018/9/19,190.2
2018/9/20,190.36
2018/9/21,190.46
2018/9/24,190.37
2018/9/25,190.25
2018/9/26,190.66
2018/9/27,190.73
2018/9/28,190.76
2018/10/1,190.52
2018/10/2,190.79
2018/10/3,189.91
2018/10/4,189.49
2018/10/5,189.15
2018/10/9,189.44
2018/10/10,189.42
2018/10/11,189.92
2018/10/12,189.75
2018/10/15,189.78
2018/10/16,189.81
2018/10/17,189.51
2018/10/18,189.55
2018/10/19,189.37
2018/10/22,189.34
2018/10/23,189.52
2018/10/24,190.01
2018/10/25,189.81
2018/10/26,190.2
2018/10/29,190.18
2018/10/30,189.83
2018/10/31,189.54
2018/11/1,189.62
2018/11/2,188.98
2018/11/5,189.11
2018/11/6,189.11
2018/11/7,189.2
2018/11/8,189.06
2018/11/9,189.4
2018/11/13,189.39
2018/11/14,189.51
2018/11/15,189.45
2018/11/16,189.83
2018/11/19,190
2018/11/20,189.84
2018/11/21,189.84
2018/11/23,189.95
2018/11/26,189.88
2018/11/27,189.94
2018/11/28,189.93
2018/11/29,190.1
2018/11/30,190.22
2018/12/3,190.58
2018/12/4,191.08
2018/12/6,191.29
2018/12/7,191.66
2018/12/10,191.78
2018/12/11,191.65
2018/12/12,191.51
2018/12/13,191.57
2018/12/14,191.75
2018/12/17,192.11
2018/12/18,192.51
2018/12/19,192.96
2018/12/20,192.66
2018/12/21,192.68
2018/12/24,193.11
2018/12/26,192.55
2018/12/27,192.69
2018/12/28,193.2
2018/12/31,193.56
2019/1/2,193.89
2019/1/3,194.72
2019/1/4,193.94
2019/1/7,193.76
2019/1/8,193.6
2019/1/9,193.72
2019/1/10,193.56
2019/1/11,193.87
2019/1/14,193.83
2019/1/15,193.76
2019/1/16,193.78
2019/1/17,193.7
2019/1/18,193.52
2019/1/22,193.83
2019/1/23,193.84
2019/1/24,194.22
2019/1/25,194.03
2019/1/28,194.09
2019/1/29,194.45
2019/1/30,194.73
2019/1/31,195.36
2019/2/1,194.94
2019/2/4,194.77
2019/2/5,195.09
2019/2/6,195.17
2019/2/7,195.46
2019/2/8,195.61
2019/2/11,195.49
2019/2/12,195.38
2019/2/13,195.16
2019/2/14,195.51
2019/2/15,195.54
2019/2/19,195.83
2019/2/20,195.76
2019/2/21,195.39
2019/2/22,195.7
2019/2/25,195.66
2019/2/26,195.93
2019/2/27,195.54
2019/2/28,195.35
2019/3/1,194.97
2019/3/4,195.35
2019/3/5,195.44
2019/3/6,195.68
2019/3/7,196.08
2019/3/8,196.23
2019/3/11,196.16
2019/3/12,196.59
2019/3/13,196.56
2019/3/14,196.35
2019/3/15,196.68
2019/3/18,196.7
2019/3/19,196.67
2019/3/20,197.35
2019/3/21,197.44
2019/3/22,198.33
2019/3/25,198.63
2019/3/26,198.69
2019/3/27,199.08
2019/3/28,199.08
2019/3/29,198.97
2019/4/1,198.23
2019/4/2,198.4
2019/4/3,198.06
2019/4/4,198.22
2019/4/5,198.35
2019/4/8,198.25
2019/4/9,198.45
2019/4/10,198.69
2019/4/11,198.5
2019/4/12,198.11
2019/4/15,198.27
2019/4/16,197.96
2019/4/17,197.98
2019/4/18,198.29
2019/4/22,198.05
2019/4/23,198.25
2019/4/24,198.7
2019/4/25,198.65
2019/4/26,198.97
2019/4/29,198.76
2019/4/30,198.99
2019/5/1,199.06
2019/5/2,198.71
2019/5/3,198.91
2019/5/6,199.17
2019/5/7,199.52
2019/5/8,199.28
2019/5/9,199.48
2019/5/10,199.41
2019/5/13,199.91
2019/5/14,199.8
2019/5/15,200.18
2019/5/16,200
2019/5/17,200.06
2019/5/20,199.88
2019/5/21,199.74
2019/5/22,200.06
2019/5/23,200.69
2019/5/24,200.65
2019/5/28,201.09
2019/5/29,201.11
2019/5/30,201.56
2019/5/31,202.34
2019/6/3,202.94
2019/6/4,202.51
2019/6/5,202.47
2019/6/6,202.45
2019/6/7,202.96
2019/6/10,202.58
2019/6/11,202.59
2019/6/12,202.81
2019/6/13,203.08
2019/6/14,203.1
2019/6/17,203.13
2019/6/18,203.48
2019/6/19,203.96
2019/6/20,204.34
2019/6/21,203.89
2019/6/24,204.41
2019/6/25,204.57
2019/6/26,204.15
2019/6/27,204.55
2019/6/28,204.66
2019/7/1,204.64
2019/7/2,205.05
2019/7/3,205.34
2019/7/5,204.64
2019/7/8,204.58
2019/7/9,204.46
2019/7/10,204.55
2019/7/11,203.98
2019/7/12,204.05
2019/7/15,204.35
2019/7/16,204.12
2019/7/17,204.72
2019/7/18,204.95
2019/7/19,204.82
2019/7/22,204.96
2019/7/23,204.82
2019/7/24,205.04
2019/7/25,204.83
2019/7/26,204.86
2019/7/29,204.98
2019/7/30,205.03
2019/7/31,205.3
2019/8/1,206.55
2019/8/2,206.76
2019/8/5,207.71
2019/8/6,207.91
2019/8/7,207.93
2019/8/8,207.98
2019/8/9,207.76
2019/8/12,208.62
2019/8/13,208.21
2019/8/14,209.09
2019/8/15,209.84
2019/8/16,209.63
2019/8/19,209.04
2019/8/20,209.57
2019/8/21,209.31
2019/8/22,209.07
2019/8/23,209.89
2019/8/26,209.71
2019/8/27,210.35
2019/8/28,210.47
2019/8/29,210.27
2019/8/30,210.33
2019/9/3,210.54
2019/9/4,210.79
2019/9/5,209.8
2019/9/6,209.99
2019/9/9,209.24
2019/9/10,208.25
2019/9/11,208.17
2019/9/12,207.88
2019/9/13,206.77
2019/9/16,207.37
2019/9/17,207.63
2019/9/18,207.79
2019/9/19,207.94
2019/9/20,208.66
2019/9/23,208.83
2019/9/24,209.44
2019/9/25,208.59
2019/9/26,208.89
2019/9/27,209.08
2019/9/30,209.24
2019/10/1,209.61
2019/10/2,209.85
2019/10/3,210.45
2019/10/4,210.74
2019/10/7,210.35
2019/10/8,210.53
2019/10/9,210.2
2019/10/10,209.44
2019/10/11,208.79
2019/10/15,208.65
2019/10/16,208.87
2019/10/17,208.78
2019/10/18,208.9
2019/10/21,208.53
2019/10/22,208.84
2019/10/23,208.91
2019/10/24,208.88
2019/10/25,208.64
2019/10/28,208.34
2019/10/29,208.43
2019/10/30,209.03
2019/10/31,209.79
2019/11/1,209.66
2019/11/4,209.13
2019/11/5,208.47
2019/11/6,208.85
2019/11/7,207.97
2019/11/8,207.83
2019/11/12,208.13
2019/11/13,208.45
2019/11/14,209.01
2019/11/15,208.92
2019/11/18,209.12
2019/11/19,209.36
2019/11/20,209.82
2019/11/21,209.52
2019/11/22,209.52
2019/11/25,209.7
2019/11/26,210.03
2019/11/27,209.77
2019/11/29,209.75
2019/12/2,209.29
2019/12/3,210.32
2019/12/4,209.89
2019/12/5,209.67
2019/12/6,209.4
2019/12/9,209.56
2019/12/10,209.51
2019/12/11,209.97
2019/12/12,209.18
2019/12/13,209.91
2019/12/16,209.48
2019/12/17,209.55
2019/12/18,209.27
2019/12/19,209.38
2019/12/20,209.41
2019/12/23,209.31
2019/12/24,209.57
2019/12/26,209.68
2019/12/27,209.91
2019/12/30,209.89
2019/12/31,209.54
2020/1/2,210.02
2020/1/3,210.73
2020/1/6,210.53
2020/1/7,210.33
2020/1/8,210.01
2020/1/9,210.16
2020/1/10,210.58
2020/1/13,210.5
2020/1/14,210.72
2020/1/15,211.03
2020/1/16,210.91
2020/1/17,210.76
2020/1/21,211.33
2020/1/22,211.47
2020/1/23,211.78
2020/1/24,212.18
2020/1/27,212.9
2020/1/28,212.52
2020/1/29,213.07
2020/1/30,213.06
2020/1/31,213.61
2020/2/3,213.56
2020/2/4,212.9
2020/2/5,212.47
2020/2/6,212.68
2020/2/7,213.3
2020/2/10,213.54
2020/2/11,213.3
2020/2/12,213.06
2020/2/13,213.2
2020/2/14,213.41
2020/2/18,213.79
2020/2/19,213.78
2020/2/20,214.14
2020/2/21,214.64
2020/2/24,215.45
2020/2/25,215.74
2020/2/26,215.52
2020/2/27,215.93
2020/2/28,217.04
2020/3/2,216.78
2020/3/3,218.2
2020/3/4,217.95
2020/3/5,219.06
2020/3/6,220.5
2020/3/9,220.49
2020/3/10,218.07
2020/3/11,216.93
2020/3/12,214.95
2020/3/13,213.77
2020/3/16,215.52
2020/3/17,212.28
2020/3/18,209.17
2020/3/19,207.76
2020/3/20,210.15
2020/3/23,211.74
2020/3/24,211.65
2020/3/25,212.3
2020/3/26,213.53
2020/3/27,215.03
2020/3/30,215.31
2020/3/31,215.47
2020/4/1,215.84
2020/4/2,215.91
2020/4/3,215.88
2020/4/6,215.8
2020/4/7,215.87
2020/4/8,215.85
2020/4/9,216.95
2020/4/13,217.26
2020/4/14,217.65
2020/4/15,218.72
2020/4/16,219.07
2020/4/17,218.69
2020/4/20,218.91
2020/4/21,219.16
2020/4/22,218.9
2020/4/23,219.23
2020/4/24,219.34
2020/4/27,218.63
2020/4/28,219.21
2020/4/29,219.27
2020/4/30,218.98
2020/5/1,219.21
2020/5/4,219.05
2020/5/5,218.87
2020/5/6,218.33
2020/5/7,219.02
2020/5/8,218.46
2020/5/11,217.98
2020/5/12,218.35
2020/5/13,218.67
2020/5/14,219.04
2020/5/15,219.07
2020/5/18,218.52
2020/5/19,219.05
2020/5/20,219.47
2020/5/21,219.76
2020/5/22,219.95
2020/5/26,219.8
2020/5/27,219.87
2020/5/28,219.9
2020/5/29,220.25
2020/6/1,220.27
2020/6/2,220.27
2020/6/3,219.93
2020/6/4,219.58
2020/6/5,219.51
2020/6/8,219.9
2020/6/9,220.38
2020/6/10,221.14
2020/6/11,221.37
2020/6/12,220.98
2020/6/15,220.91
2020/6/16,220.96
2020/6/17,221.12
2020/6/18,221.43
2020/6/19,221.51
2020/6/22,221.5
2020/6/23,221.34
2020/6/24,221.59
2020/6/25,221.55
2020/6/26,222.01
2020/6/29,221.99
2020/6/30,221.79
2020/7/1,221.88
2020/7/2,222.17
2020/7/6,222.19
2020/7/7,222.76
2020/7/8,222.64
2020/7/9,223.23
2020/7/10,222.98
2020/7/13,223.19
2020/7/14,223.2
2020/7/15,223.23
2020/7/16,223.49
2020/7/17,223.54
2020/7/20,223.77
2020/7/21,224.05
2020/7/22,224.26
2020/7/23,224.63
2020/7/24,224.56
2020/7/27,224.36
2020/7/28,224.7
2020/7/29,224.83
2020/7/30,225.1
2020/7/31,225.09
2020/8/3,225.12
2020/8/4,225.57
2020/8/5,225.25
2020/8/6,225.53
2020/8/7,225.36
2020/8/10,225.24
2020/8/11,224.8
2020/8/12,224.23
2020/8/13,223.77
2020/8/14,223.57
2020/8/17,223.65
2020/8/18,223.87
2020/8/19,223.69
2020/8/20,223.99
2020/8/21,224.17
2020/8/24,224.05
2020/8/25,223.74
2020/8/26,223.6
2020/8/27,222.98
2020/8/28,223.03
2020/8/31,223.2
2020/9/1,223.88
2020/9/2,224.33
2020/9/3,224.47
2020/9/4,223.67
2020/9/8,223.8
2020/9/9,223.67
2020/9/10,223.86
2020/9/11,223.96
2020/9/14,223.93
2020/9/15,223.87
2020/9/16,223.79
2020/9/17,223.92
2020/9/18,223.77
2020/9/21,223.87
2020/9/22,223.82
2020/9/23,223.82
2020/9/24,223.74
2020/9/25,223.62
2020/9/28,223.61
2020/9/29,223.72
2020/9/30,223.28
2020/10/1,223.51
2020/10/2,223.35
2020/10/5,222.61
2020/10/6,223.01
2020/10/7,222.71
2020/10/8,223.03
2020/10/9,223
2020/10/13,223.56
2020/10/14,223.68
2020/10/15,223.57
2020/10/16,223.54
2020/10/19,223.37
2020/10/20,223.03
2020/10/21,222.88
2020/10/22,222.45
2020/10/23,222.7
2020/10/26,223.11
2020/10/27,223.47
2020/10/28,223.44
2020/10/29,222.91
2020/10/30,222.35
2020/11/2,222.7
2020/11/3,222.54
2020/11/4,223.68
2020/11/5,224.06
2020/11/6,223.58
2020/11/9,223.07
2020/11/10,222.68
2020/11/12,223.55
2020/11/13,223.46
2020/11/16,223.42
2020/11/17,223.83
2020/11/18,224.03
2020/11/19,224.33
2020/11/20,224.71
2020/11/23,224.55
2020/11/24,224.26
2020/11/25,224.2
2020/11/27,224.63
2020/11/30,224.61
2020/12/1,224.2
2020/12/2,223.95
2020/12/3,224.4
2020/12/4,223.78
2020/12/7,224.21
2020/12/8,224.28
2020/12/9,224.02
2020/12/10,224.44
2020/12/11,224.63
2020/12/14,224.61
2020/12/15,224.51
2020/12/16,224.51
2020/12/17,224.48
2020/12/18,224.4
2020/12/21,224.55
2020/12/22,224.78
2020/12/23,224.51
2020/12/24,224.71
2020/12/28,224.77
2020/12/29,224.79
2020/12/30,224.91
2020/12/31,224.96
2021/1/4,225.03
2021/1/5,224.63
2021/1/6,223.72
2021/1/7,223.3
2021/1/8,223.06
2021/1/11,222.93
2021/1/12,222.93
2021/1/13,223.48
2021/1/14,223.23
2021/1/15,223.51
2021/1/19,223.74
2021/1/20,223.81
2021/1/21,223.57
2021/1/22,223.6
2021/1/25,224.07
2021/1/26,224.02
2021/1/27,224.15
2021/1/28,223.88
2021/1/29,223.59
2021/2/1,223.75
2021/2/2,223.45
2021/2/3,223.11
2021/2/4,223.06
2021/2/5,222.79
2021/2/8,222.97
2021/2/9,223.1
2021/2/10,223.41
2021/2/11,223.21
2021/2/12,222.65
2021/2/16,221.87
2021/2/17,222.11
2021/2/18,222.14
2021/2/19,221.54
2021/2/22,221.06
2021/2/23,220.91
2021/2/24,220.6
2021/2/25,219.05
2021/2/26,220.52
2021/3/1,220.25
2021/3/2,220.46
2021/3/3,219.87
2021/3/4,219.32
2021/3/5,219.03
2021/3/8,218.47
2021/3/9,218.95
2021/3/10,219.18
2021/3/11,219.15
2021/3/12,218.15
2021/3/15,218.33
2021/3/16,218.28
2021/3/17,218.12
2021/3/18,217.49
2021/3/19,217.64
2021/3/22,218.12
2021/3/23,218.68
2021/3/24,218.9
2021/3/25,218.65
2021/3/26,218.31
2021/3/29,217.98
2021/3/30,218.09
2021/3/31,217.94
2021/4/1,218.68
2021/4/2,218.29
2021/4/5,218.51
2021/4/6,219.02
2021/4/7,218.82
2021/4/8,219.25
2021/4/9,219.02
2021/4/12,219.01
2021/4/13,219.45
2021/4/14,219.34
2021/4/15,220.13
2021/4/16,219.77
2021/4/19,219.65
2021/4/20,219.92
2021/4/21,220.03
2021/4/22,220.18
2021/4/23,220.04
2021/4/26,219.97
2021/4/27,219.49
2021/4/28,219.6
2021/4/29,219.5
2021/4/30,219.56
2021/5/3,219.73
2021/5/4,219.92
2021/5/5,220.06
2021/5/6,220.16
2021/5/7,220.14
2021/5/10,219.8
2021/5/11,219.48
2021/5/12,218.83
2021/5/13,219.01
2021/5/14,219.45
2021/5/17,219.38
2021/5/18,219.34
2021/5/19,219.04
2021/5/20,219.51
2021/5/21,219.63
2021/5/24,219.88
2021/5/25,220.42
2021/5/26,220.33
2021/5/27,220.19
2021/5/28,220.05
2021/6/1,220.01
2021/6/2,220.15
2021/6/3,219.84
2021/6/4,220.54
2021/6/7,220.45
2021/6/8,220.81
2021/6/9,221.27
2021/6/10,221.7
2021/6/11,221.56
2021/6/14,221.14
2021/6/15,221.12
2021/6/16,220.6
2021/6/17,221.15
2021/6/18,221.9
2021/6/21,221.34
2021/6/22,221.54
2021/6/23,221.35
2021/6/24,221.38
2021/6/25,221.08
2021/6/28,221.57
2021/6/29,221.7
2021/6/30,221.81
2021/7/1,221.76
2021/7/2,222.11
2021/7/6,222.62
2021/7/7,223.21
2021/7/8,223.48
2021/7/9,222.75
2021/7/12,222.7
2021/7/13,222.24
2021/7/14,222.91
2021/7/15,223.43
2021/7/16,223.31
2021/7/19,224.33
2021/7/20,224.03
2021/7/21,223.39
2021/7/22,223.85
2021/7/23,223.64
2021/7/26,223.55
2021/7/27,224.06
2021/7/28,224.13
2021/7/29,223.84
2021/7/30,224.09
2021/8/2,224.69
2021/8/3,224.69
2021/8/4,224.71
2021/8/5,224.27
2021/8/6,223.43
2021/8/9,223.13
2021/8/10,222.82
2021/8/11,222.9
2021/8/12,222.82
2021/8/13,223.53
2021/8/16,223.81
2021/8/17,223.73
2021/8/18,223.75
2021/8/19,224.04
2021/8/20,223.96
2021/8/23,224.05
2021/8/24,223.71
2021/8/25,223.29
2021/8/26,223.38
2021/8/27,223.81
2021/8/30,224.11
2021/8/31,223.83
2021/9/1,223.87
2021/9/2,224.08
2021/9/3,223.72
2021/9/7,223.28
2021/9/8,223.56
2021/9/9,224.13
2021/9/10,223.76
2021/9/13,224.08
2021/9/14,224.63
2021/9/15,224.42
2021/9/16,224.05
2021/9/17,223.74
2021/9/20,224.35
2021/9/21,224.28
2021/9/22,224.42
2021/9/23,223.31
2021/9/24,222.89
2021/9/27,222.65
2021/9/28,221.93
2021/9/29,222.07
2021/9/30,222.05
2021/10/1,222.59
2021/10/4,222.45
2021/10/5,221.93
2021/10/6,222
2021/10/7,221.46
2021/10/8,221.03
2021/10/12,221.44
2021/10/13,221.81
2021/10/14,222.14
2021/10/15,221.67
2021/10/18,221.67
2021/10/19,221.16
2021/10/20,220.95
2021/10/21,220.58
2021/10/22,220.95
2021/10/25,221.11
2021/10/26,221.43
2021/10/27,222.25
2021/10/28,221.91
2021/10/29,221.95
2021/11/1,221.78
2021/11/2,222.11
2021/11/3,221.66
2021/11/4,222.4
2021/11/5,223.23
2021/11/8,222.9
2021/11/9,223.53
2021/11/10,222.18
2021/11/12,221.87
2021/11/15,221.2
2021/11/16,221.06
2021/11/17,221.48
2021/11/18,221.65
2021/11/19,222.03
2021/11/22,221.12
2021/11/23,220.35
2021/11/24,220.78
2021/11/26,222.39
2021/11/29,221.99
2021/11/30,222.56
2021/12/1,222.81
2021/12/2,222.51
2021/12/3,223.28
2021/12/6,222.63
2021/12/7,222.29
2021/12/8,221.69
2021/12/9,221.91
2021/12/10,221.89
2021/12/13,222.6
2021/12/14,222.35
2021/12/15,221.93
2021/12/16,222.29
2021/12/17,222.6
2021/12/20,222.36
2021/12/21,221.97
2021/12/22,222.19
2021/12/23,221.8
2021/12/27,221.94
2021/12/28,221.93
2021/12/29,221.36
2021/12/30,221.75
2021/12/31,221.81
2022/1/3,220.56
2022/1/4,220.33
2022/1/5,219.82
2022/1/6,219.49
2022/1/7,219
2022/1/10,218.82
2022/1/11,219.18
2022/1/12,219.09
2022/1/13,219.41
2022/1/14,218.37
2022/1/18,217.16
2022/1/19,217.63
2022/1/20,217.84
2022/1/21,218.45
2022/1/24,218.2
2022/1/25,218
2022/1/26,217.08
2022/1/27,217.56
2022/1/28,217.63
2022/1/31,217.57
2022/2/1,217.41
2022/2/2,217.76
2022/2/3,217.1
2022/2/4,215.79
2022/2/7,215.84
2022/2/8,215.36
2022/2/9,215.44
2022/2/10,213.83
2022/2/11,214.96
2022/2/14,213.95
2022/2/15,213.5
2022/2/16,213.71
2022/2/17,214.15
2022/2/18,214.47
2022/2/22,214.31
2022/2/23,213.46
2022/2/24,213.37
2022/2/25,213.6
2022/2/28,214.95
2022/3/1,216.19
2022/3/2,213.79
2022/3/3,214.32
2022/3/4,215.28
2022/3/7,214.45
2022/3/8,213.26
2022/3/9,212.62
2022/3/10,211.81
2022/3/11,211.71
2022/3/14,209.96
2022/3/15,209.83
2022/3/16,210.08
2022/3/17,210.27
2022/3/18,210.85
2022/3/21,209.19
2022/3/22,208.51
2022/3/23,209.56
2022/3/24,208.86
2022/3/25,207.48
2022/3/28,207.72
2022/3/29,208.59
2022/3/30,209.23
2022/3/31,209.47
2022/4/1,208.97
2022/4/4,208.95
2022/4/5,207.5
2022/4/6,206.86
2022/4/7,206.61
2022/4/8,205.65
2022/4/11,204.82
2022/4/12,205.23
2022/4/13,205.36
2022/4/14,204.13
2022/4/18,203.72
2022/4/19,202.77
2022/4/20,203.6
2022/4/21,202.77
2022/4/22,202.37
2022/4/25,203.13
2022/4/26,203.99
2022/4/27,203.4
2022/4/28,203.13
2022/4/29,202.33
2022/5/2,201.18
2022/5/3,201.43
2022/5/4,202.21
2022/5/5,200.97
2022/5/6,200.14
2022/5/9,200.83
2022/5/10,201.28
2022/5/11,202.1
2022/5/12,202.43
2022/5/13,201.64
2022/5/16,201.97
2022/5/17,200.98
2022/5/18,201.75
2022/5/19,202.06
2022/5/20,202.72
2022/5/23,202.02
2022/5/24,203.3
2022/5/25,203.84
2022/5/26,204.04
2022/5/27,204.25
2022/5/31,203.33
2022/6/1,202.72
2022/6/2,202.87
2022/6/3,202.63
2022/6/6,201.54
2022/6/7,202.03
2022/6/8,201.54
2022/6/9,201.42
2022/6/10,199.98
2022/6/13,197.18
2022/6/14,196.02
2022/6/15,197.62
2022/6/16,198.11
2022/6/17,198.26
2022/6/21,197.61
2022/6/22,199.05
2022/6/23,199.66
2022/6/24,199.22
2022/6/27,198.65
2022/6/28,198.65
2022/6/29,199.61
2022/6/30,200.43
2022/7/1,201.48
2022/7/5,202.05
2022/7/6,200.96
2022/7/7,200.39
2022/7/8,199.77
2022/7/11,200.73
2022/7/12,200.96
2022/7/13,201.32
2022/7/14,200.76
2022/7/15,201.23
2022/7/18,201.02
2022/7/19,200.55
2022/7/20,200.6
2022/7/21,201.94
2022/7/22,203.41
2022/7/25,202.96
2022/7/26,202.91
2022/7/27,203.22
2022/7/28,204.3
2022/7/29,204.57
2022/8/1,205.45
2022/8/2,203.62
2022/8/3,204.29
2022/8/4,204.69
2022/8/5,202.86
2022/8/8,203.6
2022/8/9,203.21
2022/8/10,203.4
2022/8/11,202.61
2022/8/12,203.15
2022/8/15,203.57
2022/8/16,203.53
2022/8/17,202.53
2022/8/18,202.74
2022/8/19,201.69
2022/8/22,201
2022/8/23,200.77
2022/8/24,200.3
2022/8/25,201.14
2022/8/26,201.13
2022/8/29,200.35
2022/8/30,200.33
2022/8/31,199.78
2022/9/1,198.58
2022/9/2,199.27
2022/9/6,197.73
2022/9/7,198.6
2022/9/8,198.15
2022/9/9,198
2022/9/12,197.85
2022/9/13,197.09
2022/9/14,197.04
2022/9/15,196.58
2022/9/16,196.41
2022/9/19,196.12
2022/9/20,195.5
2022/9/21,196.1
2022/9/22,194.2
2022/9/23,193.83
2022/9/26,191.72
2022/9/27,190.8
2022/9/28,193.19
2022/9/29,192.45
2022/9/30,191.98
2022/10/3,193.36
2022/10/4,193.76
2022/10/5,192.83
2022/10/6,192.2
2022/10/7,191.52
2022/10/11,190.82
2022/10/12,190.97
2022/10/13,190.08
2022/10/14,189.52
2022/10/17,189.61
2022/10/18,189.94
2022/10/19,188.63
2022/10/20,187.67
2022/10/21,187.56
2022/10/24,187.47
2022/10/25,188.91
2022/10/26,189.82
2022/10/27,190.71
2022/10/28,190.22
2022/10/31,189.72
2022/11/1,189.95
2022/11/2,189.91
2022/11/3,189.11
2022/11/4,188.9
2022/11/7,188.52
2022/11/8,189.29
2022/11/9,189.53
2022/11/10,192.61
2022/11/14,192.55
2022/11/15,193.6
2022/11/16,194.66
2022/11/17,193.97
2022/11/18,193.63
2022/11/21,193.77
2022/11/22,194.52
2022/11/23,195.41
2022/11/25,195.66
2022/11/28,195.63
2022/11/29,195.03
2022/11/30,195.94
2022/12/1,197.72
2022/12/2,198.26
2022/12/5,197.09
2022/12/6,197.78
2022/12/7,199.17
2022/12/8,198.68
2022/12/9,197.71
2022/12/12,197.63
2022/12/13,198.86
2022/12/14,199.23
2022/12/15,199.5
2022/12/16,199.09
2022/12/19,198.06
2022/12/20,197.04
2022/12/21,197.2
2022/12/22,197.11
2022/12/23,196.42
2022/12/27,195.4
2022/12/28,195.09
2022/12/29,195.62
2022/12/30,195.13
2023/1/3,195.94
2023/1/4,196.8
2023/1/5,196.67
2023/1/6,198.36
2023/1/9,199
2023/1/10,198.23
2023/1/11,199.26
2023/1/12,200.58
2023/1/13,200.01
2023/1/17,199.88
2023/1/18,201.59
2023/1/19,201.25
2023/1/20,200.33
2023/1/23,200.01
2023/1/24,200.75
2023/1/25,201.01
2023/1/26,200.72
2023/1/27,200.57
2023/1/30,200.16
2023/1/31,200.75
2023/2/1,201.84
2023/2/2,202.13
2023/2/3,200.77
2023/2/6,199.61
2023/2/7,199.28
2023/2/8,199.58
2023/2/9,199.05
2023/2/10,198.27
2023/2/13,198.6
2023/2/14,198.01
2023/2/15,197.6
2023/2/16,197.08
2023/2/17,197.32
2023/2/21,195.91
2023/2/22,196.3
2023/2/23,196.76
2023/2/24,195.83
2023/2/27,196.18
2023/2/28,196.28
2023/3/1,195.33
2023/3/2,194.76
2023/3/3,195.96
2023/3/6,195.86
2023/3/7,195.66
2023/3/8,195.49
2023/3/9,196.15
2023/3/10,198.18
2023/3/13,199.65
2023/3/14,198.37
2023/3/15,199.89
2023/3/16,199.05
2023/3/17,200.66
2023/3/20,199.96
2023/3/21,199.2
2023/3/22,200.76
2023/3/23,201.45
2023/3/24,201.53
2023/3/27,200.01
2023/3/28,199.7
2023/3/29,199.63
2023/3/30,199.97
2023/3/31,200.82
2023/4/3,201.5
2023/4/4,202.41
2023/4/5,202.96
2023/4/6,202.93
2023/4/7,201.73
2023/4/10,201.6
2023/4/11,201.67
2023/4/12,202.04
2023/4/13,201.74
2023/4/14,200.97
2023/4/17,200.18
2023/4/18,200.32
2023/4/19,200.12
2023/4/20,200.85
2023/4/21,200.61
2023/4/24,201.29
2023/4/25,202.54
2023/4/26,201.92
2023/4/27,201.11
2023/4/28,202.07
2023/5/1,200.48
2023/5/2,202.03
2023/5/3,202.84
2023/5/4,202.66
2023/5/5,201.95
2023/5/8,201.16
2023/5/9,200.9
2023/5/10,201.91
2023/5/11,202.47
2023/5/12,201.73
2023/5/15,201.24
2023/5/16,200.83
2023/5/17,200.45
2023/5/18,199.66
2023/5/19,199.22
2023/5/22,199.09
2023/5/23,199.23
2023/5/24,198.87
2023/5/25,198.14
2023/5/26,198.17
2023/5/30,199.48
2023/5/31,200.19
2023/6/1,200.57
2023/6/2,199.68
2023/6/5,199.7
2023/6/6,199.89
2023/6/7,199.03
2023/6/8,199.76
2023/6/9,199.47
2023/6/12,199.7
2023/6/13,198.97
2023/6/14,199.15
2023/6/15,200.05
2023/6/16,199.76
2023/6/20,200.14
2023/6/21,200.33
2023/6/22,199.5
2023/6/23,200.06
2023/6/26,200.4
2023/6/27,200
2023/6/28,200.47
2023/6/29,199.1
2023/6/30,199.69
2023/7/3,199.29
2023/7/5,198.67
2023/7/6,197.54
2023/7/7,197.51
2023/7/10,198.01
2023/7/11,198.3
2023/7/12,199.68
2023/7/13,200.84
2023/7/14,200.14
2023/7/17,200.29
2023/7/18,200.51
2023/7/19,201.06
2023/7/20,200.06
2023/7/21,200.16
2023/7/24,199.97
2023/7/25,199.74
2023/7/26,200.21
2023/7/27,198.97
2023/7/28,199.44
2023/7/31,199.72
2023/8/1,198.79
2023/8/2,198.27
2023/8/3,197.04
2023/8/4,198.49
2023/8/7,198.29
2023/8/8,198.88
2023/8/9,199.08
2023/8/10,198.07
2023/8/11,197.44
2023/8/14,197.23
2023/8/15,196.86
2023/8/16,196.37
2023/8/17,196.2
2023/8/18,196.53
2023/8/21,195.7
2023/8/22,195.84
2023/8/23,197.4
2023/8/24,197.01
2023/8/25,197.01
2023/8/28,197.45
2023/8/29,198.49
2023/8/30,198.4
2023/8/31,198.69
2023/9/1,197.91
2023/9/5,196.97
2023/9/6,196.72
2023/9/7,197.16
2023/9/8,197.33
2023/9/11,197.11
2023/9/12,197.26
2023/9/13,197.46
2023/9/14,197.21
2023/9/15,196.81
2023/9/18,197.06
2023/9/19,196.56
2023/9/20,196.5
2023/9/21,195.33
2023/9/22,195.93
2023/9/25,194.76
2023/9/26,194.63
2023/9/27,193.94
2023/9/28,194.4
2023/9/29,194.36
2023/10/2,193.16
2023/10/3,191.8
2023/10/4,192.83
2023/10/5,192.94
2023/10/6,192.25
2023/10/10,193.74
2023/10/11,194.59
2023/10/12,193.13
2023/10/13,193.94
2023/10/16,193.12
2023/10/17,191.92
2023/10/18,191.17
2023/10/19,190.45
2023/10/20,190.96
2023/10/23,191.59
2023/10/24,192.17
2023/10/25,191.02
2023/10/26,192.06
2023/10/27,192.25
2023/10/30,191.86
2023/10/31,191.69
2023/11/1,193.32
2023/11/2,194.34
2023/11/3,195.56
2023/11/6,194.86
2023/11/7,195.63
2023/11/8,196.28
2023/11/9,194.91
2023/11/10,195.08
2023/11/13,195.19
2023/11/14,197.26
2023/11/15,196.3
2023/11/16,197.23
2023/11/17,197.5
2023/11/20,197.83
2023/11/21,198.02
2023/11/22,198.05
2023/11/24,197.38
2023/11/27,198.49
2023/11/28,199.17
2023/11/29,200.12
2023/11/30,199.5
2023/12/1,201
2023/12/4,200.56
2023/12/5,201.58
2023/12/6,202.24
2023/12/7,202.08
2023/12/8,201.31
2023/12/11,201.34
2023/12/12,201.68
2023/12/13,203.97
2023/12/14,205.48
2023/12/15,205.28
2023/12/18,204.9
2023/12/19,205.18
2023/12/20,205.86
2023/12/21,205.67
2023/12/22,205.64
2023/12/26,205.81
2023/12/27,206.96
2023/12/28,206.47
2023/12/29,206.39
2024/1/2,205.53
2024/1/3,205.66
2024/1/4,204.7
2024/1/5,204.29
2024/1/8,204.94
2024/1/9,204.84
2024/1/10,204.72
2024/1/11,205.5
2024/1/12,205.91
2024/1/16,204.78
2024/1/17,204.19
2024/1/18,203.87
2024/1/19,203.92
2024/1/22,204.36
2024/1/23,203.96
2024/1/24,203.59
2024/1/25,204.29
2024/1/26,204.17
2024/1/29,204.98
2024/1/30,205.18
2024/1/31,206.07
2024/2/1,207.07
2024/2/2,205.34
2024/2/5,203.95
2024/2/6,204.84
2024/2/7,204.49
2024/2/8,204.04
2024/2/9,203.84
2024/2/12,203.97
2024/2/13,202.36
2024/2/14,202.99
2024/2/15,203.49
2024/2/16,202.9
2024/2/20,203.16
2024/2/21,202.62
2024/2/22,202.69
2024/2/23,203.41
2024/2/26,203.15
2024/2/27,202.81
2024/2/28,203.31
2024/2/29,203.57
2024/3/1,204.23
2024/3/4,204
2024/3/5,204.87
2024/3/6,205.23
2024/3/7,205.53
2024/3/8,205.75
2024/3/11,205.58
2024/3/12,205.02
2024/3/13,204.79
2024/3/14,203.67
2024/3/15,203.54
2024/3/18,203.37
2024/3/19,203.83
2024/3/20,204.17
2024/3/21,204.26
2024/3/22,204.88
2024/3/25,204.62
2024/3/26,204.85
2024/3/27,205.3
2024/3/28,205.24
2024/4/1,203.98
2024/4/2,203.76
2024/4/3,203.9
2024/4/4,204.39
2024/4/5,203.45
2024/4/8,203.22
2024/4/9,203.89
2024/4/10,201.83
2024/4/11,201.63
2024/4/12,202.18
2024/4/15,201.11
2024/4/16,200.53
2024/4/17,201.36
2024/4/18,200.86
2024/4/19,201.1
2024/4/22,201.13
2024/4/23,201.48
2024/4/24,201.03
2024/4/25,200.45
2024/4/26,200.9
2024/4/29,201.52
2024/4/30,200.88
2024/5/1,201.55
2024/5/2,202.14
2024/5/3,203.08
2024/5/6,203.3
2024/5/7,203.7
2024/5/8,203.33
2024/5/9,203.76
2024/5/10,203.29
2024/5/13,203.54
2024/5/14,204.02
2024/5/15,205.15
2024/5/16,204.88
2024/5/17,204.4
2024/5/20,204.23
2024/5/21,204.58
2024/5/22,204.37
2024/5/23,203.85
2024/5/24,203.93
2024/5/28,203.27
2024/5/29,202.54
2024/5/30,203.32
2024/5/31,203.97
2024/6/3,205.02
2024/6/4,205.75
2024/6/5,206.28
2024/6/6,206.32
2024/6/7,204.85
2024/6/10,204.5
2024/6/11,205.28
2024/6/12,206.19
2024/6/13,207.07
2024/6/14,207.24
2024/6/17,206.58
2024/6/18,207.27
2024/6/20,206.95
2024/6/21,206.96
2024/6/24,207.14
2024/6/25,207.18
2024/6/26,206.28
2024/6/27,206.63
2024/6/28,205.94
2024/7/1,204.76
2024/7/2,205.27
2024/7/3,206.29
2024/7/5,207.12
2024/7/8,207.29
2024/7/9,207.15
2024/7/10,207.29
2024/7/11,208.25
2024/7/12,208.62
2024/7/15,208.24
2024/7/16,208.89
2024/7/17,209.07
2024/7/18,208.58
2024/7/19,208.12
2024/7/22,208.05
2024/7/23,208.12
2024/7/24,207.63
2024/7/25,207.92
2024/7/26,208.58
2024/7/29,208.94
2024/7/30,209.21
2024/7/31,210.17
2024/8/1,211.05
2024/8/2,213.21
2024/8/5,213.16
2024/8/6,211.94
2024/8/7,211.44
2024/8/8,211.08
2024/8/9,211.64
2024/8/12,212.1
2024/8/13,212.73
2024/8/14,213.11
2024/8/15,212.31
2024/8/16,212.68
2024/8/19,212.97
2024/8/20,213.6
2024/8/21,213.98
2024/8/22,213.24
2024/8/23,213.98
2024/8/26,213.89
2024/8/27,213.91
2024/8/28,213.84
2024/8/29,213.6
2024/8/30,213.14
2024/9/3,214.02
2024/9/4,214.84
2024/9/5,215.24
2024/9/6,215.6
2024/9/9,215.85
2024/9/10,216.49
2024/9/11,216.41
2024/9/12,216.18
2024/9/13,216.58
2024/9/16,217.15
2024/9/17,216.93
2024/9/18,216.32
2024/9/19,216.32
2024/9/20,216.23
2024/9/23,216.17
2024/9/24,216.37
2024/9/25,215.8
2024/9/26,215.76
2024/9/27,216.24
2024/9/30,215.78
2024/10/1,216.32
2024/10/2,215.98
2024/10/3,215.24
2024/10/4,213.81
2024/10/7,213.36
2024/10/8,213.48
2024/10/9,213.03
2024/10/10,212.95
2024/10/11,213.02
2024/10/15,213.62
2024/10/16,213.91
2024/10/17,213.06
2024/10/18,213.16
2024/10/21,211.98
2024/10/22,211.79
2024/10/23,211.38
2024/10/24,211.76
2024/10/25,211.36
2024/10/28,211.1
2024/10/29,211.26
2024/10/30,211.19
2024/10/31,211.14
2024/11/1,210.3
2024/11/4,211.13
2024/11/5,211.38
2024/11/6,210.1
2024/11/7,211.32
2024/11/8,211.71
2024/11/12,210.48
2024/11/13,210.3
2024/11/14,210.28
2024/11/15,210.15
2024/11/18,210.41
2024/11/19,210.72
2024/11/20,210.48
2024/11/21,210.39
2024/11/22,210.5
2024/11/25,212.16
2024/11/26,211.91
2024/11/27,212.48
2024/11/29,213.14
2024/12/2,213.13
2024/12/3,212.91
2024/12/4,213.55
2024/12/5,213.61
2024/12/6,214.02
2024/12/9,213.59
2024/12/10,213.33
2024/12/11,212.91
2024/12/12,212.17
2024/12/13,211.45
2024/12/16,211.59
2024/12/17,211.59
2024/12/18,210.41
2024/12/19,209.7
2024/12/20,210.09
2024/12/23,209.57
2024/12/24,209.74
2024/12/26,209.87
2024/12/27,209.5
2024/12/30,210.32
2024/12/31,210.14
2025/1/2,210.17
2025/1/3,209.89
2025/1/6,209.77
2025/1/7,209.13
2025/1/8,209.24
2025/1/9,209.26
2025/1/10,208.29