Date,DTWEXBGS
2006/1/2,101.4155
2006/1/3,100.7558
2006/1/4,100.2288
2006/1/5,100.2992
2006/1/6,100.0241
2006/1/9,100.1794
2006/1/10,100.1436
2006/1/11,99.871
2006/1/12,100.0643
2006/1/13,99.9675
2006/1/16,99.9715
2006/1/17,100.2447
2006/1/18,100.4085
2006/1/19,100.1862
2006/1/20,99.9017
2006/1/23,99.3783
2006/1/24,99.3434
2006/1/25,99.348
2006/1/26,99.4798
2006/1/27,99.6433
2006/1/30,99.7144
2006/1/31,99.4311
2006/2/1,99.6132
2006/2/2,99.7916
2006/2/3,100.118
2006/2/6,100.1372
2006/2/7,100.1759
2006/2/8,100.4879
2006/2/9,100.2117
2006/2/10,100.322
2006/2/13,100.3955
2006/2/14,100.3987
2006/2/15,100.4489
2006/2/16,100.5183
2006/2/17,100.3404
2006/2/20,100.3447
2006/2/21,100.2346
2006/2/22,100.3879
2006/2/23,100.1956
2006/2/24,100.2594
2006/2/27,100.0724
2006/2/28,99.7695
2006/3/1,99.8355
2006/3/2,99.5969
2006/3/3,99.7024
2006/3/6,99.9834
2006/3/7,100.564
2006/3/8,100.8565
2006/3/9,100.7718
2006/3/10,100.9566
2006/3/13,100.8563
2006/3/14,100.312
2006/3/15,100.2121
2006/3/16,99.9049
2006/3/17,99.8614
2006/3/20,100.0491
2006/3/21,100.4716
2006/3/22,100.496
2006/3/23,100.8256
2006/3/24,100.7773
2006/3/27,100.8359
2006/3/28,100.7995
2006/3/29,101.0474
2006/3/30,100.5698
2006/3/31,100.56
2006/4/3,100.6204
2006/4/4,100.1319
2006/4/5,100.0792
2006/4/6,100.1578
2006/4/7,100.4187
2006/4/10,100.4091
2006/4/11,100.2903
2006/4/12,100.3589
2006/4/13,100.4759
2006/4/14,100.4697
2006/4/17,99.8719
2006/4/18,99.6747
2006/4/19,99.3467
2006/4/20,99.4974
2006/4/21,99.4345
2006/4/24,99.117
2006/4/25,98.9687
2006/4/26,98.8907
2006/4/27,98.5149
2006/4/28,98.1412
2006/5/1,97.9085
2006/5/2,97.6571
2006/5/3,97.5572
2006/5/4,97.4878
2006/5/5,97.2585
2006/5/8,97.1945
2006/5/9,96.9578
2006/5/10,96.6391
2006/5/11,96.5383
2006/5/12,96.8788
2006/5/15,97.3588
2006/5/16,97.1959
2006/5/17,97.4725
2006/5/18,97.7033
2006/5/19,97.933
2006/5/22,97.9377
2006/5/23,97.7045
2006/5/24,98.3936
2006/5/25,97.8423
2006/5/26,97.8995
2006/5/29,97.8936
2006/5/30,97.588
2006/5/31,97.7705
2006/6/1,97.7726
2006/6/2,97.5544
2006/6/5,97.3681
2006/6/6,98.1449
2006/6/7,98.1641
2006/6/8,98.9313
2006/6/9,98.5471
2006/6/12,98.5494
2006/6/13,98.9201
2006/6/14,98.8338
2006/6/15,98.8846
2006/6/16,98.9127
2006/6/19,99.145
2006/6/20,99.0117
2006/6/21,98.5544
2006/6/22,99.0856
2006/6/23,99.4216
2006/6/26,99.3634
2006/6/27,99.219
2006/6/28,99.392
2006/6/29,99.2158
2006/6/30,98.2483
2006/7/3,98.0371
2006/7/4,98.0221
2006/7/5,98.308
2006/7/6,98.138
2006/7/7,97.7508
2006/7/10,97.9813
2006/7/11,98.2132
2006/7/12,98.5202
2006/7/13,98.5583
2006/7/14,98.6814
2006/7/17,99.0767
2006/7/18,99.1341
2006/7/19,98.9262
2006/7/20,98.6014
2006/7/21,98.5221
2006/7/24,98.7795
2006/7/25,98.9388
2006/7/26,98.742
2006/7/27,98.2283
2006/7/28,98.0539
2006/7/31,97.9996
2006/8/1,98.1715
2006/8/2,97.9432
2006/8/3,98.0694
2006/8/4,97.6005
2006/8/7,97.5088
2006/8/8,97.6524
2006/8/9,97.4402
2006/8/10,97.8887
2006/8/11,97.7863
2006/8/14,97.9677
2006/8/15,97.8043
2006/8/16,97.3894
2006/8/17,97.3486
2006/8/18,97.7577
2006/8/21,97.3856
2006/8/22,97.6079
2006/8/23,97.5731
2006/8/24,97.7939
2006/8/25,97.8827
2006/8/28,97.8467
2006/8/29,97.7748
2006/8/30,97.5792
2006/8/31,97.644
2006/9/1,97.5084
2006/9/4,97.4981
2006/9/5,97.4392
2006/9/6,97.6087
2006/9/7,97.8108
2006/9/8,98.2119
2006/9/11,98.3845
2006/9/12,98.2781
2006/9/13,98.1775
2006/9/14,98.0088
2006/9/15,98.2104
2006/9/18,98.1332
2006/9/19,98.1703
2006/9/20,98.1556
2006/9/21,97.9458
2006/9/22,97.8667
2006/9/25,97.9909
2006/9/26,98.0555
2006/9/27,98.0107
2006/9/28,98.0381
2006/9/29,98.1054
2006/10/2,97.9247
2006/10/3,98.1267
2006/10/4,98.3682
2006/10/5,98.2776
2006/10/6,98.5619
2006/10/9,98.5702
2006/10/10,98.9125
2006/10/11,98.9146
2006/10/12,98.831
2006/10/13,98.8002
2006/10/16,98.71
2006/10/17,98.5354
2006/10/18,98.6164
2006/10/19,98.2897
2006/10/20,98.1629
2006/10/23,98.4483
2006/10/24,98.349
2006/10/25,98.2057
2006/10/26,97.8907
2006/10/27,97.4914
2006/10/30,97.5672
2006/10/31,97.3901
2006/11/1,97.4949
2006/11/2,97.6556
2006/11/3,97.7209
2006/11/6,97.806
2006/11/7,97.4453
2006/11/8,97.58
2006/11/9,97.5041
2006/11/10,97.4638
2006/11/13,97.7904
2006/11/14,97.7475
2006/11/15,97.8359
2006/11/16,97.8098
2006/11/17,97.9855
2006/11/20,98.0254
2006/11/21,98.0215
2006/11/22,97.5315
2006/11/23,97.5314
2006/11/24,97.0657
2006/11/27,96.9986
2006/11/28,96.8428
2006/11/29,96.8577
2006/11/30,96.5779
2006/12/1,96.4585
2006/12/4,96.4319
2006/12/5,96.2082
2006/12/6,96.2839
2006/12/7,96.3207
2006/12/8,96.6123
2006/12/11,96.6646
2006/12/12,96.7119
2006/12/13,96.7296
2006/12/14,96.7946
2006/12/15,96.9857
2006/12/18,97.1559
2006/12/19,96.9313
2006/12/20,96.7762
2006/12/21,96.9148
2006/12/22,97.1113
2006/12/25,97.1221
2006/12/26,97.1786
2006/12/27,97.2076
2006/12/28,97.0656
2006/12/29,97.0312
2007/1/1,97.0323
2007/1/2,
2007/1/3,97.1281
2007/1/4,97.5251
2007/1/5,97.7801
2007/1/8,97.788
2007/1/9,97.9642
2007/1/10,98.0943
2007/1/11,98.0845
2007/1/12,97.921
2007/1/15,97.9201
2007/1/16,97.9816
2007/1/17,97.7509
2007/1/18,97.8286
2007/1/19,97.6868
2007/1/22,97.827
2007/1/23,97.8117
2007/1/24,97.908
2007/1/25,97.8396
2007/1/26,98.1491
2007/1/29,98.2066
2007/1/30,98.1515
2007/1/31,97.964
2007/2/1,97.7101
2007/2/2,97.9743
2007/2/5,97.87
2007/2/6,97.7357
2007/2/7,97.7239
2007/2/8,97.8169
2007/2/9,97.7076
2007/2/12,97.9409
2007/2/13,97.7063
2007/2/14,97.2779
2007/2/15,97.1588
2007/2/16,97.164
2007/2/19,97.1545
2007/2/20,97.321
2007/2/21,97.27
2007/2/22,97.266
2007/2/23,97.1756
2007/2/26,97.2281
2007/2/27,97.0883
2007/2/28,97.2386
2007/3/1,97.3358
2007/3/2,97.3691
2007/3/5,97.6716
2007/3/6,97.5123
2007/3/7,97.4558
2007/3/8,97.5731
2007/3/9,97.4559
2007/3/12,97.3013
2007/3/13,97.2203
2007/3/14,97.2759
2007/3/15,97.2476
2007/3/16,97.0407
2007/3/19,97.1062
2007/3/20,96.7985
2007/3/21,96.6195
2007/3/22,96.3893
2007/3/23,96.5662
2007/3/26,96.5493
2007/3/27,96.4558
2007/3/28,96.4894
2007/3/29,96.5067
2007/3/30,96.3183
2007/4/2,96.3175
2007/4/3,96.3774
2007/4/4,96.3646
2007/4/5,96.1188
2007/4/6,96.2526
2007/4/9,96.293
2007/4/10,96.1179
2007/4/11,96.0293
2007/4/12,95.7999
2007/4/13,95.711
2007/4/16,95.5538
2007/4/17,95.3832
2007/4/18,95.3109
2007/4/19,95.2712
2007/4/20,95.1692
2007/4/23,95.1833
2007/4/24,95.1608
2007/4/25,94.8497
2007/4/26,95.1653
2007/4/27,95.0103
2007/4/30,94.8365
2007/5/1,95.0037
2007/5/2,95.0352
2007/5/3,95.0167
2007/5/4,94.9118
2007/5/7,94.6914
2007/5/8,94.8648
2007/5/9,94.7933
2007/5/10,94.9506
2007/5/11,95.0035
2007/5/14,94.8267
2007/5/15,94.5574
2007/5/16,94.8143
2007/5/17,94.8339
2007/5/18,94.6573
2007/5/21,94.7026
2007/5/22,94.5753
2007/5/23,94.4557
2007/5/24,94.7025
2007/5/25,94.5022
2007/5/28,94.4959
2007/5/29,94.3533
2007/5/30,94.549
2007/5/31,94.3215
2007/6/1,94.132
2007/6/4,93.9969
2007/6/5,93.9986
2007/6/6,94.1217
2007/6/7,94.3537
2007/6/8,94.7599
2007/6/11,94.6576
2007/6/12,94.6991
2007/6/13,94.9011
2007/6/14,94.9029
2007/6/15,94.6228
2007/6/18,94.5475
2007/6/19,94.3227
2007/6/20,94.3618
2007/6/21,94.6073
2007/6/22,94.4371
2007/6/25,94.5105
2007/6/26,94.4678
2007/6/27,94.5633
2007/6/28,94.2395
2007/6/29,94.1393
2007/7/2,93.634
2007/7/3,93.697
2007/7/4,93.6965
2007/7/5,93.7653
2007/7/6,93.5759
2007/7/9,93.5519
2007/7/10,93.3339
2007/7/11,93.3089
2007/7/12,93.1198
2007/7/13,93.0133
2007/7/16,92.9094
2007/7/17,92.9095
2007/7/18,92.7959
2007/7/19,92.7332
2007/7/20,92.7179
2007/7/23,92.6585
2007/7/24,92.505
2007/7/25,92.9189
2007/7/26,93.1186
2007/7/27,93.5485
2007/7/30,93.5918
2007/7/31,93.4264
2007/8/1,93.4011
2007/8/2,93.3038
2007/8/3,93.1039
2007/8/6,93.1112
2007/8/7,93.3171
2007/8/8,93.0989
2007/8/9,93.441
2007/8/10,93.5214
2007/8/13,93.6032
2007/8/14,94.0416
2007/8/15,94.5014
2007/8/16,94.9055
2007/8/17,94.319
2007/8/20,94.2138
2007/8/21,94.2676
2007/8/22,94.0998
2007/8/23,93.9827
2007/8/24,93.6863
2007/8/27,93.6109
2007/8/28,93.8394
2007/8/29,93.7174
2007/8/30,93.7324
2007/8/31,93.6674
2007/9/3,93.6691
2007/9/4,93.6433
2007/9/5,93.5453
2007/9/6,93.4468
2007/9/7,93.2939
2007/9/10,93.2349
2007/9/11,92.9244
2007/9/12,92.6386
2007/9/13,92.6172
2007/9/14,92.7083
2007/9/17,92.823
2007/9/18,92.6584
2007/9/19,92.1534
2007/9/20,91.4212
2007/9/21,91.4854
2007/9/24,91.4017
2007/9/25,91.3392
2007/9/26,91.4335
2007/9/27,91.3497
2007/9/28,90.9446
2007/10/1,90.8801
2007/10/2,91.12
2007/10/3,91.1038
2007/10/4,91.1632
2007/10/5,90.7393
2007/10/8,90.748
2007/10/9,90.8609
2007/10/10,90.7154
2007/10/11,90.4901
2007/10/12,90.5945
2007/10/15,90.5387
2007/10/16,90.7123
2007/10/17,90.515
2007/10/18,90.3084
2007/10/19,90.1014
2007/10/22,90.6777
2007/10/23,90.1899
2007/10/24,90.2262
2007/10/25,89.9925
2007/10/26,89.6508
2007/10/29,89.4118
2007/10/30,89.3252
2007/10/31,89.1389
2007/11/1,89.1628
2007/11/2,88.8924
2007/11/5,88.8851
2007/11/6,88.4938
2007/11/7,88.0631
2007/11/8,88.2631
2007/11/9,88.4615
2007/11/12,88.465
2007/11/13,89.1016
2007/11/14,88.9671
2007/11/15,89.4413
2007/11/16,89.3182
2007/11/19,89.5262
2007/11/20,89.2622
2007/11/21,89.3352
2007/11/22,89.3269
2007/11/23,89.2384
2007/11/26,89.145
2007/11/27,89.4082
2007/11/28,89.4195
2007/11/29,89.3681
2007/11/30,89.6212
2007/12/3,89.6403
2007/12/4,89.6672
2007/12/5,89.8751
2007/12/6,89.9268
2007/12/7,89.74
2007/12/10,89.6811
2007/12/11,89.7176
2007/12/12,89.7349
2007/12/13,90.1374
2007/12/14,90.4345
2007/12/17,90.5363
2007/12/18,90.5602
2007/12/19,90.6147
2007/12/20,90.4695
2007/12/21,90.3672
2007/12/24,90.1788
2007/12/25,90.1786
2007/12/26,89.9226
2007/12/27,89.684
2007/12/28,89.4069
2007/12/31,89.6304
2008/1/1,89.6297
2008/1/2,89.3514
2008/1/3,89.231
2008/1/4,89.2467
2008/1/7,89.5718
2008/1/8,89.3398
2008/1/9,89.6807
2008/1/10,89.6226
2008/1/11,89.5215
2008/1/14,89.2749
2008/1/15,89.1555
2008/1/16,89.6701
2008/1/17,89.6484
2008/1/18,89.8993
2008/1/21,89.9265
2008/1/22,89.84
2008/1/23,89.9138
2008/1/24,89.203
2008/1/25,89.2184
2008/1/28,88.9555
2008/1/29,88.8342
2008/1/30,88.7442
2008/1/31,88.6547
2008/2/1,88.4824
2008/2/4,88.4788
2008/2/5,89.076
2008/2/6,88.9987
2008/2/7,89.4221
2008/2/8,89.2226
2008/2/11,89.2149
2008/2/12,88.9539
2008/2/13,89.1382
2008/2/14,88.9055
2008/2/15,88.9006
2008/2/18,88.9004
2008/2/19,88.9626
2008/2/20,89.2572
2008/2/21,88.716
2008/2/22,88.7082
2008/2/25,88.5373
2008/2/26,88.0998
2008/2/27,87.3353
2008/2/28,87.0363
2008/2/29,87.1654
2008/3/3,87.2381
2008/3/4,87.3039
2008/3/5,87.1347
2008/3/6,86.9105
2008/3/7,87.1258
2008/3/10,87.1452
2008/3/11,87.1763
2008/3/12,86.728
2008/3/13,86.3891
2008/3/14,86.4301
2008/3/17,86.3417
2008/3/18,86.1191
2008/3/19,86.5755
2008/3/20,87.3293
2008/3/21,87.2111
2008/3/24,87.3103
2008/3/25,86.8339
2008/3/26,86.5513
2008/3/27,86.4583
2008/3/28,86.6369
2008/3/31,86.6881
2008/4/1,87.0276
2008/4/2,86.8886
2008/4/3,86.6424
2008/4/4,86.5108
2008/4/7,86.603
2008/4/8,86.7369
2008/4/9,86.5764
2008/4/10,86.5131
2008/4/11,86.5029
2008/4/14,86.3492
2008/4/15,86.4705
2008/4/16,85.9037
2008/4/17,86.1077
2008/4/18,86.5277
2008/4/21,86.2979
2008/4/22,85.927
2008/4/23,86.3841
2008/4/24,86.7154
2008/4/25,86.8337
2008/4/28,86.7635
2008/4/29,86.873
2008/4/30,86.8907
2008/5/1,87.1347
2008/5/2,87.2311
2008/5/5,87.0636
2008/5/6,86.847
2008/5/7,87.3421
2008/5/8,87.4575
2008/5/9,87.2528
2008/5/12,87.0403
2008/5/13,87.1332
2008/5/14,87.3659
2008/5/15,87.1823
2008/5/16,86.7855
2008/5/19,86.8225
2008/5/20,86.5627
2008/5/21,86.1595
2008/5/22,86.3223
2008/5/23,86.1922
2008/5/26,86.19
2008/5/27,86.4459
2008/5/28,86.4951
2008/5/29,86.5616
2008/5/30,86.5504
2008/6/2,86.6321
2008/6/3,86.8359
2008/6/4,87.0999
2008/6/5,87.0968
2008/6/6,86.8028
2008/6/9,86.9096
2008/6/10,87.4705
2008/6/11,87.2059
2008/6/12,87.6187
2008/6/13,87.7622
2008/6/16,87.3911
2008/6/17,87.2103
2008/6/18,87.1872
2008/6/19,87.0815
2008/6/20,86.9036
2008/6/23,87.2163
2008/6/24,86.9666
2008/6/25,87.0535
2008/6/26,86.6793
2008/6/27,86.643
2008/6/30,86.7621
2008/7/1,86.8447
2008/7/2,86.4782
2008/7/3,86.8843
2008/7/4,86.8781
2008/7/7,86.9617
2008/7/8,86.9778
2008/7/9,86.5335
2008/7/10,86.5122
2008/7/11,86.221
2008/7/14,86.1079
2008/7/15,85.8731
2008/7/16,85.9285
2008/7/17,85.9387
2008/7/18,86.0735
2008/7/21,86.0151
2008/7/22,86.1909
2008/7/23,86.2664
2008/7/24,86.4017
2008/7/25,86.3916
2008/7/28,86.4666
2008/7/29,86.8175
2008/7/30,86.8167
2008/7/31,86.8567
2008/8/1,86.8257
2008/8/4,87.0611
2008/8/5,87.3281
2008/8/6,87.6004
2008/8/7,87.8732
2008/8/8,88.8939
2008/8/11,89.035
2008/8/12,89.1916
2008/8/13,89.3211
2008/8/14,89.3675
2008/8/15,89.7244
2008/8/18,89.5966
2008/8/19,89.6465
2008/8/20,89.6977
2008/8/21,88.9128
2008/8/22,89.2381
2008/8/25,89.3094
2008/8/26,89.7007
2008/8/27,89.6419
2008/8/28,89.8225
2008/8/29,90.0567
2008/9/1,90.08
2008/9/2,90.8438
2008/9/3,90.8286
2008/9/4,91.1621
2008/9/5,91.341
2008/9/8,91.663
2008/9/9,91.5779
2008/9/10,92.1283
2008/9/11,92.4901
2008/9/12,91.4706
2008/9/15,91.757
2008/9/16,92.0594
2008/9/17,92.0982
2008/9/18,91.7111
2008/9/19,91.0014
2008/9/22,90.1119
2008/9/23,90.1221
2008/9/24,90.4602
2008/9/25,90.4651
2008/9/26,90.6872
2008/9/29,91.3961
2008/9/30,92.3773
2008/10/1,92.511
2008/10/2,93.3792
2008/10/3,93.5414
2008/10/6,95.1629
2008/10/7,95.4889
2008/10/8,96.9684
2008/10/9,96.5143
2008/10/10,97.999
2008/10/13,97.9686
2008/10/14,96.2544
2008/10/15,97.2045
2008/10/16,98.368
2008/10/17,97.7255
2008/10/20,98.1605
2008/10/21,99.4242
2008/10/22,101.2131
2008/10/23,101.1071
2008/10/24,101.8442
2008/10/27,102.3415
2008/10/28,102.4236
2008/10/29,100.0967
2008/10/30,99.4568
2008/10/31,99.7662
2008/11/3,99.4345
2008/11/4,97.9957
2008/11/5,98.0953
2008/11/6,99.5364
2008/11/7,99.3944
2008/11/10,99.5897
2008/11/11,99.6041
2008/11/12,101.1947
2008/11/13,101.774
2008/11/14,100.9705
2008/11/17,101.1029
2008/11/18,101.3965
2008/11/19,101.8804
2008/11/20,103.2737
2008/11/21,103.6289
2008/11/24,101.502
2008/11/25,100.7997
2008/11/26,101.2566
2008/11/27,101.2564
2008/11/28,101.6468
2008/12/1,102.1744
2008/12/2,101.9891
2008/12/3,102.4251
2008/12/4,102.0715
2008/12/5,103.4902
2008/12/8,101.7227
2008/12/9,101.7346
2008/12/10,101.2913
2008/12/11,99.5101
2008/12/12,100.319
2008/12/15,99.1001
2008/12/16,98.4771
2008/12/17,96.8227
2008/12/18,96.8447
2008/12/19,98.1278
2008/12/22,98.1643
2008/12/23,98.2698
2008/12/24,98.2249
2008/12/25,98.2419
2008/12/26,98.2594
2008/12/29,97.9359
2008/12/30,98.3833
2008/12/31,98.6518
2009/1/1,
2009/1/2,98.6008
2009/1/5,98.9195
2009/1/6,98.7871
2009/1/7,98.089
2009/1/8,98.3223
2009/1/9,98.8752
2009/1/12,99.6022
2009/1/13,100.3597
2009/1/14,100.7546
2009/1/15,101.4653
2009/1/16,100.711
2009/1/19,
2009/1/20,
2009/1/21,102.1007
2009/1/22,101.8432
2009/1/23,102.1096
2009/1/26,100.9764
2009/1/27,101.1702
2009/1/28,100.5461
2009/1/29,101.3398
2009/1/30,102.1169
2009/2/2,102.5067
2009/2/3,101.8506
2009/2/4,101.9056
2009/2/5,101.9517
2009/2/6,101.7455
2009/2/9,100.9637
2009/2/10,101.7094
2009/2/11,102.24
2009/2/12,102.598
2009/2/13,102.2958
2009/2/16,
2009/2/17,103.7625
2009/2/18,104.0385
2009/2/19,103.7656
2009/2/20,104.0244
2009/2/23,103.7416
2009/2/24,103.9829
2009/2/25,104.3086
2009/2/26,104.1813
2009/2/27,104.9284
2009/3/2,105.9617
2009/3/3,106.0249
2009/3/4,105.4558
2009/3/5,105.8064
2009/3/6,105.3937
2009/3/9,106.0182
2009/3/10,105.1153
2009/3/11,104.8499
2009/3/12,104.89
2009/3/13,104.1106
2009/3/16,103.2005
2009/3/17,103.2305
2009/3/18,103.0005
2009/3/19,100.3951
2009/3/20,101.0581
2009/3/23,101.103
2009/3/24,101.0319
2009/3/25,100.9674
2009/3/26,101.097
2009/3/27,101.8388
2009/3/30,102.749
2009/3/31,102.3761
2009/4/1,102.1252
2009/4/2,100.8733
2009/4/3,100.6429
2009/4/6,100.9428
2009/4/7,100.9808
2009/4/8,100.8948
2009/4/9,100.7988
2009/4/10,100.7597
2009/4/13,100.1369
2009/4/14,99.9097
2009/4/15,100.1497
2009/4/16,100.0517
2009/4/17,100.5719
2009/4/20,101.448
2009/4/21,101.1794
2009/4/22,101.1142
2009/4/23,101.0065
2009/4/24,100.0244
2009/4/27,100.7258
2009/4/28,101.3145
2009/4/29,100.0009
2009/4/30,100.1042
2009/5/1,100.0057
2009/5/4,99.134
2009/5/5,98.8529
2009/5/6,98.9044
2009/5/7,98.552
2009/5/8,98.1269
2009/5/11,97.747
2009/5/12,97.8269
2009/5/13,98.0276
2009/5/14,98.1271
2009/5/15,98.1063
2009/5/18,97.9412
2009/5/19,97.2827
2009/5/20,96.5707
2009/5/21,96.6039
2009/5/22,95.8788
2009/5/25,
2009/5/26,95.988
2009/5/27,95.9622
2009/5/28,96.1313
2009/5/29,95.268
2009/6/1,94.8107
2009/6/2,94.6556
2009/6/3,95.0751
2009/6/4,95.2922
2009/6/5,96.0412
2009/6/8,96.6548
2009/6/9,95.9537
2009/6/10,96.1277
2009/6/11,95.4993
2009/6/12,95.836
2009/6/15,96.7519
2009/6/16,96.2616
2009/6/17,96.64
2009/6/18,96.1482
2009/6/19,96.0325
2009/6/22,96.8818
2009/6/23,96.5196
2009/6/24,96.2369
2009/6/25,96.7072
2009/6/26,96.1935
2009/6/29,96.242
2009/6/30,96.3761
2009/7/1,95.6581
2009/7/2,96.3216
2009/7/3,
2009/7/6,96.6174
2009/7/7,96.6321
2009/7/8,97.0204
2009/7/9,96.6219
2009/7/10,97.0819
2009/7/13,96.9995
2009/7/14,96.6599
2009/7/15,95.8004
2009/7/16,95.7241
2009/7/17,95.6036
2009/7/20,95.0903
2009/7/21,95.0564
2009/7/22,94.8659
2009/7/23,94.532
2009/7/24,94.7046
2009/7/27,94.6659
2009/7/28,94.5592
2009/7/29,95.1678
2009/7/30,94.8967
2009/7/31,94.2526
2009/8/3,93.6331
2009/8/4,93.7281
2009/8/5,93.7848
2009/8/6,93.9358
2009/8/7,94.4692
2009/8/10,94.6087
2009/8/11,94.8678
2009/8/12,94.5394
2009/8/13,94.2392
2009/8/14,94.475
2009/8/17,95.1024
2009/8/18,95.1118
2009/8/19,94.4084
2009/8/20,94.3492
2009/8/21,94.0103
2009/8/24,93.9345
2009/8/25,93.9066
2009/8/26,94.8662
2009/8/27,94.7943
2009/8/28,94.4489
2009/8/31,94.6202
2009/9/1,95.2201
2009/9/2,95.1575
2009/9/3,94.959
2009/9/4,94.5811
2009/9/7,
2009/9/8,93.7323
2009/9/9,93.6915
2009/9/10,93.6947
2009/9/11,93.3225
2009/9/14,93.6196
2009/9/15,93.4427
2009/9/16,92.9072
2009/9/17,92.8287
2009/9/18,93.1233
2009/9/21,93.3547
2009/9/22,92.8664
2009/9/23,92.979
2009/9/24,93.4708
2009/9/25,93.5535
2009/9/28,93.4669
2009/9/29,93.7776
2009/9/30,93.1907
2009/10/1,93.5995
2009/10/2,93.6756
2009/10/5,93.3356
2009/10/6,92.619
2009/10/7,92.794
2009/10/8,92.2074
2009/10/9,92.2984
2009/10/12,
2009/10/13,91.8273
2009/10/14,91.5047
2009/10/15,91.4367
2009/10/16,91.6541
2009/10/19,91.4406
2009/10/20,91.801
2009/10/21,91.3805
2009/10/22,91.6075
2009/10/23,91.7331
2009/10/26,92.0998
2009/10/27,92.5335
2009/10/28,92.8152
2009/10/29,92.4708
2009/10/30,92.6207
2009/11/2,92.4501
2009/11/3,92.9037
2009/11/4,92.3725
2009/11/5,92.3437
2009/11/6,92.3848
2009/11/9,91.6861
2009/11/10,91.6659
2009/11/11,
2009/11/12,91.9461
2009/11/13,91.5754
2009/11/16,91.194
2009/11/17,91.7419
2009/11/18,91.249
2009/11/19,91.7827
2009/11/20,91.9906
2009/11/23,91.4864
2009/11/24,91.5539
2009/11/25,90.9669
2009/11/26,
2009/11/27,91.5272
2009/11/30,91.3717
2009/12/1,90.8323
2009/12/2,90.8906
2009/12/3,90.9152
2009/12/4,91.3806
2009/12/7,91.5414
2009/12/8,91.9513
2009/12/9,92.014
2009/12/10,92.0073
2009/12/11,92.2946
2009/12/14,92.0305
2009/12/15,92.3635
2009/12/16,92.1496
2009/12/17,93.225
2009/12/18,93.1632
2009/12/21,
2009/12/22,93.2903
2009/12/23,92.9295
2009/12/24,92.8694
2009/12/25,
2009/12/28,92.6993
2009/12/29,92.8838
2009/12/30,93.0872
2009/12/31,92.9124
2010/1/1,
2010/1/4,92.3566
2010/1/5,92.2236
2010/1/6,92.0941
2010/1/7,92.3684
2010/1/8,92.1485
2010/1/11,91.5997
2010/1/12,91.7005
2010/1/13,91.7272
2010/1/14,91.5864
2010/1/15,91.7668
2010/1/18,
2010/1/19,91.9611
2010/1/20,92.6766
2010/1/21,92.6627
2010/1/22,92.943
2010/1/25,92.9099
2010/1/26,93.3298
2010/1/27,93.2835
2010/1/28,93.2635
2010/1/29,93.7638
2010/2/1,93.7321
2010/2/2,93.4136
2010/2/3,93.6268
2010/2/4,94.1401
2010/2/5,94.6218
2010/2/8,
2010/2/9,
2010/2/10,
2010/2/11,
2010/2/12,93.9976
2010/2/15,
2010/2/16,93.482
2010/2/17,93.7171
2010/2/18,93.8752
2010/2/19,93.9569
2010/2/22,93.7402
2010/2/23,93.9794
2010/2/24,93.9775
2010/2/25,94.3797
2010/2/26,93.6602
2010/3/1,93.7979
2010/3/2,93.488
2010/3/3,92.9861
2010/3/4,93.4079
2010/3/5,93.2623
2010/3/8,93.2446
2010/3/9,93.1941
2010/3/10,93.0426
2010/3/11,93.0533
2010/3/12,92.6616
2010/3/15,92.9642
2010/3/16,92.595
2010/3/17,92.4446
2010/3/18,92.7451
2010/3/19,93.0407
2010/3/22,93.1333
2010/3/23,93.006
2010/3/24,93.6468
2010/3/25,93.5885
2010/3/26,93.6873
2010/3/29,93.2959
2010/3/30,93.2627
2010/3/31,92.8987
2010/4/1,92.6661
2010/4/2,92.9057
2010/4/5,92.6644
2010/4/6,92.7373
2010/4/7,92.7452
2010/4/8,92.7211
2010/4/9,92.4772
2010/4/12,92.243
2010/4/13,92.2689
2010/4/14,91.9297
2010/4/15,92.2029
2010/4/16,92.5253
2010/4/19,92.8577
2010/4/20,92.4338
2010/4/21,92.4482
2010/4/22,92.7277
2010/4/23,92.6622
2010/4/26,92.5187
2010/4/27,93.0956
2010/4/28,93.4856
2010/4/29,92.9013
2010/4/30,92.8423
2010/5/3,93.235
2010/5/4,93.8137
2010/5/5,94.3968
2010/5/6,95.3032
2010/5/7,95.2952
2010/5/10,94.3096
2010/5/11,94.4305
2010/5/12,94.5515
2010/5/13,94.5071
2010/5/14,95.3746
2010/5/17,95.9795
2010/5/18,95.6212
2010/5/19,96.5083
2010/5/20,96.9483
2010/5/21,96.2911
2010/5/24,96.6433
2010/5/25,97.5487
2010/5/26,97.1879
2010/5/27,96.3611
2010/5/28,96.3062
2010/5/31,
2010/6/1,96.6123
2010/6/2,96.615
2010/6/3,96.461
2010/6/4,97.1688
2010/6/7,97.503
2010/6/8,97.3425
2010/6/9,96.8938
2010/6/10,96.4877
2010/6/11,96.5616
2010/6/14,95.8082
2010/6/15,95.7049
2010/6/16,95.5668
2010/6/17,95.4973
2010/6/18,95.2981
2010/6/21,94.8505
2010/6/22,95.1165
2010/6/23,95.4853
2010/6/24,95.6194
2010/6/25,95.4582
2010/6/28,95.2696
2010/6/29,96.0199
2010/6/30,95.9934
2010/7/1,95.8018
2010/7/2,95.6345
2010/7/5,
2010/7/6,95.1069
2010/7/7,95.1795
2010/7/8,94.7734
2010/7/9,94.683
2010/7/12,94.9598
2010/7/13,94.3856
2010/7/14,94.3247
2010/7/15,94.1988
2010/7/16,94.5061
2010/7/19,94.602
2010/7/20,94.542
2010/7/21,94.4496
2010/7/22,94.1135
2010/7/23,94.1431
2010/7/26,93.7556
2010/7/27,93.7583
2010/7/28,93.7506
2010/7/29,93.6004
2010/7/30,93.2793
2010/8/2,92.7916
2010/8/3,92.6258
2010/8/4,92.731
2010/8/5,92.6401
2010/8/6,92.5915
2010/8/9,92.6726
2010/8/10,93.2197
2010/8/11,93.7778
2010/8/12,93.8905
2010/8/13,94.0457
2010/8/16,93.7902
2010/8/17,93.4239
2010/8/18,93.3719
2010/8/19,93.7141
2010/8/20,94.2087
2010/8/23,94.3295
2010/8/24,94.4362
2010/8/25,94.7372
2010/8/26,94.3523
2010/8/27,94.3462
2010/8/30,94.5922
2010/8/31,94.7204
2010/9/1,94.1148
2010/9/2,94.0852
2010/9/3,93.6952
2010/9/6,
2010/9/7,94.042
2010/9/8,93.7785
2010/9/9,93.7033
2010/9/10,93.6768
2010/9/13,93.0767
2010/9/14,92.6182
2010/9/15,92.9313
2010/9/16,92.9108
2010/9/17,92.9418
2010/9/20,92.7496
2010/9/21,92.6684
2010/9/22,92.0647
2010/9/23,92.0233
2010/9/24,91.5996
2010/9/27,91.4803
2010/9/28,91.3493
2010/9/29,91.1632
2010/9/30,91.3415
2010/10/1,90.836
2010/10/4,91.0015
2010/10/5,90.5622
2010/10/6,90.1411
2010/10/7,90.286
2010/10/8,90.1133
2010/10/11,
2010/10/12,90.2203
2010/10/13,89.7779
2010/10/14,89.5228
2010/10/15,89.6815
2010/10/18,89.8484
2010/10/19,90.5499
2010/10/20,90.1446
2010/10/21,90.138
2010/10/22,90.4063
2010/10/25,89.9328
2010/10/26,90.2818
2010/10/27,90.8038
2010/10/28,90.2407
2010/10/29,90.0935
2010/11/1,90.0307
2010/11/2,89.6847
2010/11/3,89.7079
2010/11/4,88.9831
2010/11/5,89.2441
2010/11/8,89.5711
2010/11/9,89.558
2010/11/10,89.9056
2010/11/11,
2010/11/12,90.1701
2010/11/15,90.4331
2010/11/16,91.1102
2010/11/17,90.9282
2010/11/18,90.649
2010/11/19,90.6986
2010/11/22,90.7023
2010/11/23,91.4318
2010/11/24,91.2179
2010/11/25,
2010/11/26,91.8152
2010/11/29,92.1997
2010/11/30,92.1494
2010/12/1,91.6799
2010/12/2,91.2651
2010/12/3,90.8788
2010/12/6,91.0167
2010/12/7,90.9732
2010/12/8,91.3376
2010/12/9,91.3923
2010/12/10,91.2831
2010/12/13,90.8837
2010/12/14,90.764
2010/12/15,91.094
2010/12/16,91.3773
2010/12/17,91.5555
2010/12/20,91.6398
2010/12/21,91.519
2010/12/22,91.429
2010/12/23,91.3013
2010/12/24,
2010/12/27,91.1963
2010/12/28,90.9848
2010/12/29,90.7669
2010/12/30,90.5146
2010/12/31,
2011/1/3,89.9524
2011/1/4,90.3277
2011/1/5,90.5715
2011/1/6,90.9125
2011/1/7,91.0001
2011/1/10,91.03
2011/1/11,90.8431
2011/1/12,90.4111
2011/1/13,89.9019
2011/1/14,90.0461
2011/1/17,
2011/1/18,89.821
2011/1/19,89.6948
2011/1/20,90.1316
2011/1/21,89.7204
2011/1/24,89.5375
2011/1/25,89.7279
2011/1/26,89.5091
2011/1/27,89.5728
2011/1/28,89.8189
2011/1/31,89.694
2011/2/1,89.1436
2011/2/2,89.0737
2011/2/3,89.2522
2011/2/4,89.391
2011/2/7,89.3556
2011/2/8,89.1241
2011/2/9,89.4166
2011/2/10,89.6266
2011/2/11,89.8784
2011/2/14,89.8543
2011/2/15,89.8871
2011/2/16,89.7059
2011/2/17,89.4102
2011/2/18,89.1974
2011/2/21,
2011/2/22,89.4617
2011/2/23,89.4186
2011/2/24,89.2346
2011/2/25,89.1664
2011/2/28,88.9391
2011/3/1,88.831
2011/3/2,88.7317
2011/3/3,88.637
2011/3/4,88.4898
2011/3/7,88.5207
2011/3/8,88.6454
2011/3/9,88.5328
2011/3/10,88.8698
2011/3/11,88.691
2011/3/14,88.5191
2011/3/15,88.7845
2011/3/16,88.9785
2011/3/17,88.6549
2011/3/18,88.5221
2011/3/21,88.2032
2011/3/22,88.0665
2011/3/23,88.3328
2011/3/24,88.0592
2011/3/25,88.1716
2011/3/28,88.3058
2011/3/29,88.3991
2011/3/30,88.2298
2011/3/31,88.0299
2011/4/1,87.7993
2011/4/4,87.8406
2011/4/5,87.7483
2011/4/6,87.4913
2011/4/7,87.532
2011/4/8,87.1493
2011/4/11,87.094
2011/4/12,87.2943
2011/4/13,87.2093
2011/4/14,87.0802
2011/4/15,87.005
2011/4/18,87.5081
2011/4/19,87.0791
2011/4/20,86.5642
2011/4/21,86.2256
2011/4/22,86.3742
2011/4/25,86.4026
2011/4/26,86.2576
2011/4/27,86.2519
2011/4/28,85.8419
2011/4/29,85.5999
2011/5/2,85.5199
2011/5/3,85.6352
2011/5/4,85.8917
2011/5/5,86.508
2011/5/6,86.4575
2011/5/9,86.8346
2011/5/10,86.6518
2011/5/11,86.7195
2011/5/12,87.0767
2011/5/13,87.4176
2011/5/16,87.3311
2011/5/17,87.6307
2011/5/18,87.295
2011/5/19,87.2638
2011/5/20,87.3044
2011/5/23,87.8941
2011/5/24,87.662
2011/5/25,87.6136
2011/5/26,87.5588
2011/5/27,86.9525
2011/5/30,
2011/5/31,86.656
2011/6/1,86.5964
2011/6/2,86.8435
2011/6/3,86.4234
2011/6/6,86.4669
2011/6/7,86.3627
2011/6/8,86.5714
2011/6/9,86.5913
2011/6/10,87.042
2011/6/13,87.0579
2011/6/14,86.6771
2011/6/15,87.3342
2011/6/16,87.6917
2011/6/17,87.2179
2011/6/20,87.1908
2011/6/21,86.857
2011/6/22,86.8067
2011/6/23,87.455
2011/6/24,87.5014
2011/6/27,87.5225
2011/6/28,87.2178
2011/6/29,86.8014
2011/6/30,86.4786
2011/7/1,86.3613
2011/7/4,
2011/7/5,86.4253
2011/7/6,86.6825
2011/7/7,86.4825
2011/7/8,86.615
2011/7/11,87.1013
2011/7/12,87.1701
2011/7/13,86.5697
2011/7/14,86.5234
2011/7/15,86.5169
2011/7/18,86.9549
2011/7/19,86.4386
2011/7/20,86.2794
2011/7/21,85.8378
2011/7/22,85.8623
2011/7/25,85.8006
2011/7/26,85.4692
2011/7/27,85.7126
2011/7/28,85.8245
2011/7/29,85.7282
2011/8/1,86.0391
2011/8/2,86.0533
2011/8/3,86.0706
2011/8/4,86.9299
2011/8/5,87.1084
2011/8/8,87.1873
2011/8/9,87.3919
2011/8/10,87.3792
2011/8/11,87.3215
2011/8/12,87.177
2011/8/15,86.7515
2011/8/16,86.7115
2011/8/17,86.5518
2011/8/18,87.1271
2011/8/19,86.8286
2011/8/22,87.0753
2011/8/23,86.9001
2011/8/24,87.1316
2011/8/25,87.2306
2011/8/26,87.0751
2011/8/29,86.8433
2011/8/30,87.001
2011/8/31,86.7739
2011/9/1,86.8512
2011/9/2,87.1797
2011/9/5,
2011/9/6,88.1645
2011/9/7,87.9699
2011/9/8,88.1162
2011/9/9,88.9514
2011/9/12,89.2192
2011/9/13,89.2653
2011/9/14,89.419
2011/9/15,89.0647
2011/9/16,89.1108
2011/9/19,89.9336
2011/9/20,89.8777
2011/9/21,90.3453
2011/9/22,92.075
2011/9/23,91.6904
2011/9/26,91.7724
2011/9/27,90.8985
2011/9/28,91.0227
2011/9/29,91.3033
2011/9/30,91.9998
2011/10/3,92.5128
2011/10/4,92.9508
2011/10/5,92.3008
2011/10/6,91.9661
2011/10/7,91.2469
2011/10/10,
2011/10/11,90.9162
2011/10/12,90.3378
2011/10/13,90.6603
2011/10/14,90.2116
2011/10/17,90.266
2011/10/18,90.5907
2011/10/19,90.3317
2011/10/20,91.1026
2011/10/21,90.279
2011/10/24,89.8558
2011/10/25,89.9525
2011/10/26,90.0836
2011/10/27,88.7882
2011/10/28,88.6382
2011/10/31,89.2053
2011/11/1,90.7296
2011/11/2,90.244
2011/11/3,90.2961
2011/11/4,90.3154
2011/11/7,90.3832
2011/11/8,90.172
2011/11/9,90.6991
2011/11/10,90.8588
2011/11/11,
2011/11/14,90.7215
2011/11/15,91.1081
2011/11/16,91.1237
2011/11/17,91.1822
2011/11/18,91.3676
2011/11/21,91.9978
2011/11/22,92.0193
2011/11/23,92.7463
2011/11/24,
2011/11/25,93.1455
2011/11/28,92.4983
2011/11/29,92.2163
2011/11/30,91.4728
2011/12/1,91.227
2011/12/2,91.3532
2011/12/5,91.1087
2011/12/6,91.2817
2011/12/7,91.2331
2011/12/8,91.668
2011/12/9,91.6122
2011/12/12,92.3375
2011/12/13,92.5456
2011/12/14,93.2176
2011/12/15,92.8858
2011/12/16,92.8252
2011/12/19,92.8685
2011/12/20,92.432
2011/12/21,92.5262
2011/12/22,92.3883
2011/12/23,92.3897
2011/12/26,
2011/12/27,92.4137
2011/12/28,92.8374
2011/12/29,92.7398
2011/12/30,92.4262
2012/1/2,
2012/1/3,91.7551
2012/1/4,92.0345
2012/1/5,92.5773
2012/1/6,92.7183
2012/1/9,92.7418
2012/1/10,92.2461
2012/1/11,92.554
2012/1/12,92.2274
2012/1/13,92.5385
2012/1/16,
2012/1/17,92.0142
2012/1/18,91.6943
2012/1/19,91.3316
2012/1/20,91.3661
2012/1/23,90.986
2012/1/24,91.181
2012/1/25,91.277
2012/1/26,90.3962
2012/1/27,90.2559
2012/1/30,90.4762
2012/1/31,90.5538
2012/2/1,90.0963
2012/2/2,89.8765
2012/2/3,89.8491
2012/2/6,89.7907
2012/2/7,89.5968
2012/2/8,89.6555
2012/2/9,89.6246
2012/2/10,90.1024
2012/2/13,89.8895
2012/2/14,90.1919
2012/2/15,90.1932
2012/2/16,90.3109
2012/2/17,90.23
2012/2/20,
2012/2/21,90.0117
2012/2/22,90.2472
2012/2/23,90.1108
2012/2/24,89.9104
2012/2/27,89.9635
2012/2/28,89.8103
2012/2/29,89.7487
2012/3/1,89.7817
2012/3/2,90.135
2012/3/5,90.2748
2012/3/6,90.8237
2012/3/7,90.6837
2012/3/8,90.2598
2012/3/9,90.4341
2012/3/12,90.6643
2012/3/13,90.5363
2012/3/14,90.9325
2012/3/15,90.7866
2012/3/16,90.5245
2012/3/19,90.292
2012/3/20,90.6065
2012/3/21,90.6761
2012/3/22,90.8225
2012/3/23,90.6156
2012/3/26,90.3266
2012/3/27,90.2796
2012/3/28,90.603
2012/3/29,90.7285
2012/3/30,90.4593
2012/4/2,90.247
2012/4/3,90.1921
2012/4/4,90.8284
2012/4/5,90.8781
2012/4/6,90.9375
2012/4/9,90.9624
2012/4/10,91.2728
2012/4/11,91.1768
2012/4/12,90.7694
2012/4/13,91.0558
2012/4/16,91.2355
2012/4/17,90.7661
2012/4/18,90.9326
2012/4/19,91.0833
2012/4/20,90.8066
2012/4/23,91.079
2012/4/24,90.8153
2012/4/25,90.756
2012/4/26,90.6428
2012/4/27,90.3269
2012/4/30,90.3634
2012/5/1,90.3227
2012/5/2,90.6144
2012/5/3,90.6839
2012/5/4,91.0497
2012/5/7,91.0747
2012/5/8,91.4107
2012/5/9,91.7632
2012/5/10,91.7077
2012/5/11,91.7306
2012/5/14,92.2491
2012/5/15,92.5235
2012/5/16,92.903
2012/5/17,92.9632
2012/5/18,93.1395
2012/5/21,93.0945
2012/5/22,93.1113
2012/5/23,93.8855
2012/5/24,93.8027
2012/5/25,93.9488
2012/5/28,
2012/5/29,93.875
2012/5/30,94.302
2012/5/31,94.6856
2012/6/1,94.6979
2012/6/4,94.5184
2012/6/5,94.6184
2012/6/6,94.0362
2012/6/7,93.774
2012/6/8,94.2024
2012/6/11,94.0369
2012/6/12,94.0693
2012/6/13,93.8309
2012/6/14,93.8152
2012/6/15,93.5203
2012/6/18,93.6431
2012/6/19,93.0524
2012/6/20,93.1602
2012/6/21,93.6378
2012/6/22,93.9205
2012/6/25,94.1757
2012/6/26,93.9859
2012/6/27,93.8728
2012/6/28,94.0203
2012/6/29,92.9096
2012/7/2,92.951
2012/7/3,92.6508
2012/7/4,
2012/7/5,93.2211
2012/7/6,93.7087
2012/7/9,93.6974
2012/7/10,93.5552
2012/7/11,93.5981
2012/7/12,93.9298
2012/7/13,93.5515
2012/7/16,93.3746
2012/7/17,93.3479
2012/7/18,93.0973
2012/7/19,93.0438
2012/7/20,93.3653
2012/7/23,93.9297
2012/7/24,94.2635
2012/7/25,94.0564
2012/7/26,93.3595
2012/7/27,92.9333
2012/7/30,93.0524
2012/7/31,92.8422
2012/8/1,92.8905
2012/8/2,93.4269
2012/8/3,92.6048
2012/8/6,92.4339
2012/8/7,92.5128
2012/8/8,92.5407
2012/8/9,92.6057
2012/8/10,92.5129
2012/8/13,92.5955
2012/8/14,92.6152
2012/8/15,92.6838
2012/8/16,92.5737
2012/8/17,92.711
2012/8/20,92.6263
2012/8/21,92.3053
2012/8/22,92.4362
2012/8/23,92.1057
2012/8/24,92.2785
2012/8/27,92.3135
2012/8/28,92.2033
2012/8/29,92.3823
2012/8/30,92.6239
2012/8/31,92.1677
2012/9/3,
2012/9/4,92.1582
2012/9/5,92.1262
2012/9/6,91.8973
2012/9/7,91.3469
2012/9/10,91.3102
2012/9/11,91.0575
2012/9/12,91.0477
2012/9/13,90.9632
2012/9/14,90.1436
2012/9/17,90.2837
2012/9/18,90.5029
2012/9/19,90.4646
2012/9/20,90.7631
2012/9/21,90.5342
2012/9/24,90.8263
2012/9/25,90.6074
2012/9/26,91.0028
2012/9/27,90.7538
2012/9/28,90.8342
2012/10/1,90.7011
2012/10/2,90.644
2012/10/3,90.8726
2012/10/4,90.4932
2012/10/5,90.2851
2012/10/8,
2012/10/9,90.8703
2012/10/10,90.883
2012/10/11,90.7437
2012/10/12,90.6833
2012/10/15,90.6409
2012/10/16,90.5583
2012/10/17,90.2309
2012/10/18,90.3804
2012/10/19,90.8107
2012/10/22,90.7911
2012/10/23,91.0945
2012/10/24,91.1275
2012/10/25,91.02
2012/10/26,91.1411
2012/10/29,
2012/10/30,
2012/10/31,91.1609
2012/11/1,91.1217
2012/11/2,91.281
2012/11/5,91.4778
2012/11/6,91.2908
2012/11/7,91.4514
2012/11/8,91.5375
2012/11/9,91.6871
2012/11/12,
2012/11/13,91.7356
2012/11/14,91.7942
2012/11/15,91.8837
2012/11/16,92.0095
2012/11/19,91.5653
2012/11/20,91.556
2012/11/21,91.6645
2012/11/22,
2012/11/23,91.2616
2012/11/26,91.2789
2012/11/27,91.2608
2012/11/28,91.33
2012/11/29,91.2104
2012/11/30,91.1038
2012/12/3,91.0084
2012/12/4,90.9748
2012/12/5,90.9423
2012/12/6,91.0629
2012/12/7,91.0437
2012/12/10,90.9631
2012/12/11,90.8403
2012/12/12,90.7708
2012/12/13,90.776
2012/12/14,90.7156
2012/12/17,90.6193
2012/12/18,90.5161
2012/12/19,90.4896
2012/12/20,90.6002
2012/12/21,90.9597
2012/12/24,91.0354
2012/12/25,
2012/12/26,91.0606
2012/12/27,91.1037
2012/12/28,91.0419
2012/12/31,91.0834
2013/1/1,
2013/1/2,90.6941
2013/1/3,90.8097
2013/1/4,91.1025
2013/1/7,90.9852
2013/1/8,91.057
2013/1/9,91.0088
2013/1/10,90.6425
2013/1/11,90.5352
2013/1/14,90.4935
2013/1/15,90.5191
2013/1/16,90.596
2013/1/17,90.5401
2013/1/18,90.8697
2013/1/21,
2013/1/22,90.7892
2013/1/23,90.8376
2013/1/24,90.9112
2013/1/25,91.0868
2013/1/28,91.2354
2013/1/29,90.9406
2013/1/30,90.8836
2013/1/31,90.798
2013/2/1,90.6923
2013/2/4,90.9774
2013/2/5,90.881
2013/2/6,91.0176
2013/2/7,91.2912
2013/2/8,91.3056
2013/2/11,91.4451
2013/2/12,91.2779
2013/2/13,91.2709
2013/2/14,91.366
2013/2/15,91.4551
2013/2/18,
2013/2/19,91.5073
2013/2/20,91.6689
2013/2/21,92.0394
2013/2/22,92.1197
2013/2/25,92.1975
2013/2/26,92.4247
2013/2/27,92.234
2013/2/28,92.295
2013/3/1,92.6177
2013/3/4,92.6316
2013/3/5,92.4965
2013/3/6,
2013/3/7,92.5462
2013/3/8,92.6252
2013/3/11,92.5351
2013/3/12,92.3853
2013/3/13,92.4709
2013/3/14,92.4695
2013/3/15,92.128
2013/3/18,92.3377
2013/3/19,92.526
2013/3/20,92.4141
2013/3/21,92.3322
2013/3/22,92.2051
2013/3/25,92.3081
2013/3/26,92.232
2013/3/27,92.446
2013/3/28,92.2544
2013/3/29,92.302
2013/4/1,92.1687
2013/4/2,92.1432
2013/4/3,92.104
2013/4/4,92.3896
2013/4/5,92.1043
2013/4/8,92.2317
2013/4/9,91.9669
2013/4/10,91.9598
2013/4/11,91.6972
2013/4/12,91.7967
2013/4/15,91.9457
2013/4/16,91.8451
2013/4/17,92.1372
2013/4/18,92.176
2013/4/19,92.2166
2013/4/22,92.3591
2013/4/23,92.3836
2013/4/24,92.4581
2013/4/25,92.0394
2013/4/26,91.9012
2013/4/29,91.6539
2013/4/30,91.3741
2013/5/1,91.4331
2013/5/2,91.6174
2013/5/3,91.5087
2013/5/6,91.6387
2013/5/7,91.5201
2013/5/8,91.1848
2013/5/9,91.3036
2013/5/10,92.2527
2013/5/13,92.2711
2013/5/14,92.3697
2013/5/15,92.7691
2013/5/16,92.6602
2013/5/17,93.1617
2013/5/20,93.0359
2013/5/21,92.9662
2013/5/22,93.3104
2013/5/23,93.2113
2013/5/24,93.2768
2013/5/27,
2013/5/28,93.5853
2013/5/29,93.531
2013/5/30,93.4219
2013/5/31,93.6076
2013/6/3,93.163
2013/6/4,93.3067
2013/6/5,93.275
2013/6/6,92.809
2013/6/7,92.6056
2013/6/10,92.973
2013/6/11,92.7996
2013/6/12,92.4775
2013/6/13,92.3449
2013/6/14,92.1886
2013/6/17,92.3332
2013/6/18,92.5432
2013/6/19,92.4755
2013/6/20,94.125
2013/6/21,94.4243
2013/6/24,94.5714
2013/6/25,94.3285
2013/6/26,94.3807
2013/6/27,94.2429
2013/6/28,94.3047
2013/7/1,94.0998
2013/7/2,94.4051
2013/7/3,94.4767
2013/7/4,
2013/7/5,95.0639
2013/7/8,94.9954
2013/7/9,94.9467
2013/7/10,94.7595
2013/7/11,93.949
2013/7/12,94.0029
2013/7/15,93.9729
2013/7/16,93.5232
2013/7/17,93.5498
2013/7/18,93.681
2013/7/19,93.4759
2013/7/22,93.2253
2013/7/23,93.1631
2013/7/24,93.3124
2013/7/25,93.2862
2013/7/26,93.1695
2013/7/29,93.1663
2013/7/30,93.3976
2013/7/31,93.5703
2013/8/1,93.7972
2013/8/2,93.5789
2013/8/5,93.507
2013/8/6,93.3199
2013/8/7,93.2652
2013/8/8,92.8483
2013/8/9,92.8394
2013/8/12,92.9178
2013/8/13,93.476
2013/8/14,93.382
2013/8/15,93.5059
2013/8/16,93.4255
2013/8/19,93.6623
2013/8/20,93.5536
2013/8/21,94.0362
2013/8/22,94.2804
2013/8/23,93.9466
2013/8/26,94.1853
2013/8/27,94.3934
2013/8/28,94.4127
2013/8/29,94.6398
2013/8/30,94.7541
2013/9/2,
2013/9/3,94.9574
2013/9/4,94.5739
2013/9/5,94.8891
2013/9/6,94.2487
2013/9/9,94.0009
2013/9/10,93.938
2013/9/11,93.7112
2013/9/12,93.5903
2013/9/13,93.6666
2013/9/16,93.2875
2013/9/17,93.2231
2013/9/18,93.2569
2013/9/19,92.4082
2013/9/20,92.6049
2013/9/23,92.613
2013/9/24,92.7691
2013/9/25,92.7675
2013/9/26,93.0096
2013/9/27,92.9747
2013/9/30,92.9207
2013/10/1,92.9515
2013/10/2,92.772
2013/10/3,92.7461
2013/10/4,92.6469
2013/10/7,92.6725
2013/10/8,92.7558
2013/10/9,93.0829
2013/10/10,92.8579
2013/10/11,92.854
2013/10/14,
2013/10/15,92.7642
2013/10/16,92.6819
2013/10/17,92.0246
2013/10/18,91.9989
2013/10/21,92.2498
2013/10/22,91.9563
2013/10/23,92.0947
2013/10/24,92.1867
2013/10/25,92.1623
2013/10/28,92.1872
2013/10/29,92.301
2013/10/30,92.3057
2013/10/31,92.731
2013/11/1,93.155
2013/11/4,92.9359
2013/11/5,93.2112
2013/11/6,93.0943
2013/11/7,93.4003
2013/11/8,93.6619
2013/11/11,
2013/11/12,93.7651
2013/11/13,93.4848
2013/11/14,93.4328
2013/11/15,93.2854
2013/11/18,92.9824
2013/11/19,93.0649
2013/11/20,93.2501
2013/11/21,93.5638
2013/11/22,93.4198
2013/11/25,93.5539
2013/11/26,93.5226
2013/11/27,93.6864
2013/11/28,
2013/11/29,93.6291
2013/12/2,93.8856
2013/12/3,93.8251
2013/12/4,93.8997
2013/12/5,93.4954
2013/12/6,93.4045
2013/12/9,93.1444
2013/12/10,
2013/12/11,93.0842
2013/12/12,93.4292
2013/12/13,93.3568
2013/12/16,93.2175
2013/12/17,93.302
2013/12/18,93.4207
2013/12/19,93.7368
2013/12/20,93.7211
2013/12/23,93.572
2013/12/24,93.6734
2013/12/25,
2013/12/26,93.766
2013/12/27,93.7018
2013/12/30,93.4866
2013/12/31,93.5576
2014/1/1,
2014/1/2,93.8192
2014/1/3,93.853
2014/1/6,93.9109
2014/1/7,94.0398
2014/1/8,94.2181
2014/1/9,94.3299
2014/1/10,94.0045
2014/1/13,93.899
2014/1/14,94.0303
2014/1/15,94.341
2014/1/16,94.5507
2014/1/17,94.5846
2014/1/20,
2014/1/21,94.679
2014/1/22,94.8479
2014/1/23,94.8415
2014/1/24,94.8555
2014/1/27,94.9059
2014/1/28,94.88
2014/1/29,94.8621
2014/1/30,95.1294
2014/1/31,95.1774
2014/2/3,95.2469
2014/2/4,95.0438
2014/2/5,95.0285
2014/2/6,94.7177
2014/2/7,94.7457
2014/2/10,94.7189
2014/2/11,94.6377
2014/2/12,94.6209
2014/2/13,
2014/2/14,94.2711
2014/2/17,
2014/2/18,94.1934
2014/2/19,94.38
2014/2/20,94.6571
2014/2/21,
2014/2/24,94.4042
2014/2/25,94.4735
2014/2/26,94.7754
2014/2/27,94.6722
2014/2/28,94.3879
2014/3/3,
2014/3/4,94.6568
2014/3/5,94.4679
2014/3/6,93.9858
2014/3/7,94.2532
2014/3/10,94.3731
2014/3/11,94.387
2014/3/12,94.462
2014/3/13,94.1872
2014/3/14,94.243
2014/3/17,
2014/3/18,94.2631
2014/3/19,94.3752
2014/3/20,94.9986
2014/3/21,94.8547
2014/3/24,94.759
2014/3/25,94.6379
2014/3/26,94.5281
2014/3/27,94.3315
2014/3/28,94.3683
2014/3/31,94.2432
2014/4/1,94.1244
2014/4/2,94.3103
2014/4/3,94.512
2014/4/4,94.2191
2014/4/7,94.0881
2014/4/8,93.6579
2014/4/9,93.6716
2014/4/10,93.5123
2014/4/11,93.6395
2014/4/14,93.8046
2014/4/15,93.9486
2014/4/16,93.9461
2014/4/17,93.8936
2014/4/18,93.9629
2014/4/21,94.0337
2014/4/22,94.0802
2014/4/23,94.149
2014/4/24,94.1294
2014/4/25,94.1623
2014/4/28,94.1374
2014/4/29,94.0295
2014/4/30,93.8896
2014/5/1,93.8707
2014/5/2,93.8182
2014/5/5,93.7334
2014/5/6,93.4324
2014/5/7,93.4337
2014/5/8,93.3686
2014/5/9,93.6614
2014/5/12,93.6537
2014/5/13,93.6755
2014/5/14,93.5968
2014/5/15,93.7065
2014/5/16,93.6073
2014/5/19,93.502
2014/5/20,93.6699
2014/5/21,93.7629
2014/5/22,93.6944
2014/5/23,93.7042
2014/5/26,
2014/5/27,93.8418
2014/5/28,93.8793
2014/5/29,93.6973
2014/5/30,93.7606
2014/6/2,94.0006
2014/6/3,94.0536
2014/6/4,94.1239
2014/6/5,93.9732
2014/6/6,93.9069
2014/6/9,93.9628
2014/6/10,94.0638
2014/6/11,93.9744
2014/6/12,93.8155
2014/6/13,93.9168
2014/6/16,93.8639
2014/6/17,94.0829
2014/6/18,94.0525
2014/6/19,93.752
2014/6/20,93.7591
2014/6/23,93.628
2014/6/24,93.7093
2014/6/25,93.5851
2014/6/26,93.5471
2014/6/27,93.3983
2014/6/30,93.2058
2014/7/1,93.1365
2014/7/2,93.2478
2014/7/3,93.3149
2014/7/4,
2014/7/7,93.3803
2014/7/8,93.323
2014/7/9,93.228
2014/7/10,93.3152
2014/7/11,93.4171
2014/7/14,93.4101
2014/7/15,93.5796
2014/7/16,93.5991
2014/7/17,93.6586
2014/7/18,93.6608
2014/7/21,93.6069
2014/7/22,93.6306
2014/7/23,93.5951
2014/7/24,93.6836
2014/7/25,93.8294
2014/7/28,93.83
2014/7/29,94.0443
2014/7/30,94.3473
2014/7/31,94.4467
2014/8/1,94.4754
2014/8/4,94.448
2014/8/5,94.6754
2014/8/6,94.6092
2014/8/7,94.6364
2014/8/8,94.6027
2014/8/11,94.4767
2014/8/12,94.5211
2014/8/13,94.4681
2014/8/14,94.3508
2014/8/15,94.2941
2014/8/18,94.2519
2014/8/19,94.4356
2014/8/20,94.5937
2014/8/21,94.673
2014/8/22,94.8012
2014/8/25,94.9159
2014/8/26,94.8617
2014/8/27,94.6863
2014/8/28,94.6947
2014/8/29,94.7251
2014/9/1,
2014/9/2,95.063
2014/9/3,94.8709
2014/9/4,95.2641
2014/9/5,95.2203
2014/9/8,95.4167
2014/9/9,95.8811
2014/9/10,95.8641
2014/9/11,95.9184
2014/9/12,96.0748
2014/9/15,96.1195
2014/9/16,95.8483
2014/9/17,95.9106
2014/9/18,96.1284
2014/9/19,96.3417
2014/9/22,96.4625
2014/9/23,96.5112
2014/9/24,96.6574
2014/9/25,96.8988
2014/9/26,97.208
2014/9/29,97.3523
2014/9/30,97.5261
2014/10/1,97.5387
2014/10/2,97.3062
2014/10/3,97.9846
2014/10/6,97.5513
2014/10/7,97.4459
2014/10/8,97.4945
2014/10/9,97.1711
2014/10/10,97.4144
2014/10/13,
2014/10/14,97.3943
2014/10/15,97.3532
2014/10/16,97.2869
2014/10/17,97.3067
2014/10/20,97.2874
2014/10/21,97.2488
2014/10/22,97.459
2014/10/23,97.6047
2014/10/24,97.4772
2014/10/27,97.5423
2014/10/28,97.2173
2014/10/29,97.0145
2014/10/30,97.456
2014/10/31,98.1163
2014/11/3,98.5336
2014/11/4,98.5576
2014/11/5,98.8086
2014/11/6,99.1325
2014/11/7,99.0236
2014/11/10,98.9305
2014/11/11,
2014/11/12,98.8897
2014/11/13,99.1045
2014/11/14,99.0917
2014/11/17,99.2188
2014/11/18,99.0185
2014/11/19,99.2424
2014/11/20,99.2554
2014/11/21,99.2894
2014/11/24,99.4227
2014/11/25,99.2837
2014/11/26,99.1893
2014/11/27,
2014/11/28,100.0719
2014/12/1,99.8964
2014/12/2,100.4478
2014/12/3,100.5696
2014/12/4,100.3931
2014/12/5,101.0989
2014/12/8,101.31
2014/12/9,100.8095
2014/12/10,101.0212
2014/12/11,101.4448
2014/12/12,101.3735
2014/12/15,101.674
2014/12/16,101.526
2014/12/17,101.5527
2014/12/18,101.7531
2014/12/19,102.0483
2014/12/22,101.9942
2014/12/23,102.348
2014/12/24,102.3028
2014/12/25,
2014/12/26,
2014/12/29,102.3767
2014/12/30,102.1019
2014/12/31,102.2843
2015/1/1,
2015/1/2,102.9027
2015/1/5,103.4976
2015/1/6,103.2938
2015/1/7,103.6316
2015/1/8,103.2799
2015/1/9,103.1213
2015/1/12,103.2372
2015/1/13,103.27
2015/1/14,103.0903
2015/1/15,103.0829
2015/1/16,103.2189
2015/1/19,
2015/1/20,103.5233
2015/1/21,103.7858
2015/1/22,103.9271
2015/1/23,104.3676
2015/1/26,104.4818
2015/1/27,104.1646
2015/1/28,104.4737
2015/1/29,105.2763
2015/1/30,105.5884
2015/2/2,105.2058
2015/2/3,104.6063
2015/2/4,104.785
2015/2/5,104.4915
2015/2/6,105.1283
2015/2/9,104.9889
2015/2/10,105.2897
2015/2/11,105.7901
2015/2/12,104.9385
2015/2/13,104.8452
2015/2/16,
2015/2/17,
2015/2/18,105.2514
2015/2/19,105.1407
2015/2/20,105.3387
2015/2/23,105.5359
2015/2/24,105.5472
2015/2/25,105.0503
2015/2/26,105.5021
2015/2/27,105.5981
2015/3/2,105.8151
2015/3/3,105.5562
2015/3/4,106.1333
2015/3/5,
2015/3/6,107.4337
2015/3/9,107.5199
2015/3/10,108.1165
2015/3/11,108.5235
2015/3/12,108.1741
2015/3/13,108.9174
2015/3/16,108.6422
2015/3/17,108.5805
2015/3/18,108.408
2015/3/19,108.1826
2015/3/20,107.1671
2015/3/23,106.5022
2015/3/24,106.4401
2015/3/25,106.2636
2015/3/26,106.5582
2015/3/27,106.8916
2015/3/30,107.3941
2015/3/31,107.4396
2015/4/1,107.06
2015/4/2,106.6738
2015/4/3,105.8861
2015/4/6,105.7876
2015/4/7,106.4488
2015/4/8,106.4231
2015/4/9,107.0335
2015/4/10,107.4526
2015/4/13,107.7508
2015/4/14,107.0547
2015/4/15,107.1855
2015/4/16,106.2761
2015/4/17,106.329
2015/4/20,106.4902
2015/4/21,106.5582
2015/4/22,106.5815
2015/4/23,106.1658
2015/4/24,105.905
2015/4/27,105.6891
2015/4/28,105.1234
2015/4/29,104.5634
2015/4/30,105.312
2015/5/1,105.6382
2015/5/4,105.6679
2015/5/5,105.2396
2015/5/6,104.6935
2015/5/7,105.1941
2015/5/8,104.8424
2015/5/11,105.3075
2015/5/12,104.8924
2015/5/13,104.3608
2015/5/14,104.2359
2015/5/15,104.0202
2015/5/18,104.6068
2015/5/19,105.3448
2015/5/20,105.5605
2015/5/21,105.3808
2015/5/22,105.8487
2015/5/25,
2015/5/26,106.7294
2015/5/27,106.908
2015/5/28,106.92
2015/5/29,106.7388
2015/6/1,107.2238
2015/6/2,106.4507
2015/6/3,106.1443
2015/6/4,106.4725
2015/6/5,107.1336
2015/6/8,106.7693
2015/6/9,106.2238
2015/6/10,105.8037
2015/6/11,106.0934
2015/6/12,105.9015
2015/6/15,105.9989
2015/6/16,106.0473
2015/6/17,106.058
2015/6/18,105.102
2015/6/19,105.4496
2015/6/22,105.3846
2015/6/23,105.9678
2015/6/24,106.2522
2015/6/25,106.1515
2015/6/26,106.4116
2015/6/29,106.3785
2015/6/30,106.5191
2015/7/1,107.0101
2015/7/2,106.9106
2015/7/3,
2015/7/6,107.1343
2015/7/7,107.785
2015/7/8,107.4734
2015/7/9,107.5595
2015/7/10,107.213
2015/7/13,107.5849
2015/7/14,107.4843
2015/7/15,108.0149
2015/7/16,108.1726
2015/7/17,108.5374
2015/7/20,108.6944
2015/7/21,108.3893
2015/7/22,108.7817
2015/7/23,108.7565
2015/7/24,109.0174
2015/7/27,108.6924
2015/7/28,108.6881
2015/7/29,108.604
2015/7/30,109.4328
2015/7/31,108.7819
2015/8/3,109.214
2015/8/4,109.2244
2015/8/5,109.842
2015/8/6,109.722
2015/8/7,109.4376
2015/8/10,109.1931
2015/8/11,109.9464
2015/8/12,109.4655
2015/8/13,109.9025
2015/8/14,109.9174
2015/8/17,110.1435
2015/8/18,110.2504
2015/8/19,110.4333
2015/8/20,110.1077
2015/8/21,110.1443
2015/8/24,109.9306
2015/8/25,110.3394
2015/8/26,110.5807
2015/8/27,110.4834
2015/8/28,110.6714
2015/8/31,110.5621
2015/9/1,110.4506
2015/9/2,110.7979
2015/9/3,110.8566
2015/9/4,111.1018
2015/9/7,
2015/9/8,110.7942
2015/9/9,110.9225
2015/9/10,110.6331
2015/9/11,110.6109
2015/9/14,110.5005
2015/9/15,110.6394
2015/9/16,110.1021
2015/9/17,110.1212
2015/9/18,109.8165
2015/9/21,110.6414
2015/9/22,111.1967
2015/9/23,111.6287
2015/9/24,111.4454
2015/9/25,111.3725
2015/9/28,111.3914
2015/9/29,111.5219
2015/9/30,111.3311
2015/10/1,111.0439
2015/10/2,110.7006
2015/10/5,110.4445
2015/10/6,110.1371
2015/10/7,109.8162
2015/10/8,109.6452
2015/10/9,109.0782
2015/10/12,
2015/10/13,109.4119
2015/10/14,109.1244
2015/10/15,108.6671
2015/10/16,108.9956
2015/10/19,109.3858
2015/10/20,109.3368
2015/10/21,109.7746
2015/10/22,110.0342
2015/10/23,110.4329
2015/10/26,110.2089
2015/10/27,110.4875
2015/10/28,110.2334
2015/10/29,110.8083
2015/10/30,110.2079
2015/11/2,110.2188
2015/11/3,110.244
2015/11/4,110.7139
2015/11/5,110.8302
2015/11/6,111.7603
2015/11/9,111.9112
2015/11/10,111.9919
2015/11/11,
2015/11/12,111.7965
2015/11/13,112.0264
2015/11/16,112.2199
2015/11/17,112.3141
2015/11/18,112.3663
2015/11/19,111.5749
2015/11/20,111.7799
2015/11/23,112.1125
2015/11/24,111.7638
2015/11/25,111.8936
2015/11/26,
2015/11/27,112.2824
2015/11/30,112.34
2015/12/1,112.1134
2015/12/2,112.3715
2015/12/3,111.6407
2015/12/4,111.5463
2015/12/7,112.3056
2015/12/8,112.5485
2015/12/9,112.1918
2015/12/10,112.2672
2015/12/11,112.7147
2015/12/14,112.7521
2015/12/15,112.8609
2015/12/16,112.9864
2015/12/17,113.8177
2015/12/18,113.2837
2015/12/21,113.4144
2015/12/22,113.211
2015/12/23,113.1847
2015/12/24,113.0496
2015/12/25,
2015/12/28,113.0461
2015/12/29,113.1664
2015/12/30,113.4707
2015/12/31,113.3429
2016/1/1,
2016/1/4,114.1595
2016/1/5,114.2649
2016/1/6,114.6177
2016/1/7,114.6516
2016/1/8,115.0095
2016/1/11,115.0139
2016/1/12,115.3128
2016/1/13,115.1425
2016/1/14,115.3846
2016/1/15,115.7404
2016/1/18,
2016/1/19,115.8155
2016/1/20,116.3498
2016/1/21,115.9833
2016/1/22,
2016/1/25,
2016/1/26,
2016/1/27,115.5087
2016/1/28,115.2224
2016/1/29,115.5731
2016/2/1,115.3331
2016/2/2,115.553
2016/2/3,114.6144
2016/2/4,113.6012
2016/2/5,114.2935
2016/2/8,114.4351
2016/2/9,114.127
2016/2/10,114.2877
2016/2/11,114.1845
2016/2/12,114.2992
2016/2/15,
2016/2/16,114.4905
2016/2/17,113.8634
2016/2/18,113.8897
2016/2/19,113.9558
2016/2/22,113.8232
2016/2/23,114.177
2016/2/24,114.1716
2016/2/25,113.9222
2016/2/26,114.3708
2016/2/29,114.2418
2016/3/1,113.9265
2016/3/2,113.7965
2016/3/3,113.2482
2016/3/4,112.6387
2016/3/7,112.6219
2016/3/8,112.8465
2016/3/9,112.4268
2016/3/10,112.4191
2016/3/11,111.741
2016/3/14,112.1688
2016/3/15,112.5545
2016/3/16,112.7759
2016/3/17,110.445
2016/3/18,110.4002
2016/3/21,110.737
2016/3/22,110.7877
2016/3/23,111.5473
2016/3/24,111.816
2016/3/25,111.7698
2016/3/28,111.3578
2016/3/29,111.3736
2016/3/30,110.2301
2016/3/31,109.9191
2016/4/1,110.2977
2016/4/4,110.3987
2016/4/5,110.9478
2016/4/6,110.5347
2016/4/7,110.8876
2016/4/8,110.4213
2016/4/11,109.9758
2016/4/12,109.816
2016/4/13,110.1436
2016/4/14,110.1691
2016/4/15,110.1933
2016/4/18,109.9892
2016/4/19,109.2782
2016/4/20,109.3926
2016/4/21,109.8533
2016/4/22,110.2331
2016/4/25,110.1865
2016/4/26,109.7496
2016/4/27,109.8483
2016/4/28,109.2148
2016/4/29,108.8274
2016/5/2,108.671
2016/5/3,109.3613
2016/5/4,109.9952
2016/5/5,110.2417
2016/5/6,110.3801
2016/5/9,110.9466
2016/5/10,110.8225
2016/5/11,110.2806
2016/5/12,110.6935
2016/5/13,111.2521
2016/5/16,111.1217
2016/5/17,111.0867
2016/5/18,111.4995
2016/5/19,112.2331
2016/5/20,112.1822
2016/5/23,112.284
2016/5/24,112.2912
2016/5/25,112.2001
2016/5/26,111.8979
2016/5/27,112.0822
2016/5/30,
2016/5/31,112.4276
2016/6/1,112.462
2016/6/2,112.4564
2016/6/3,111.4451
2016/6/6,111.2295
2016/6/7,110.8378
2016/6/8,110.1916
2016/6/9,110.6168
2016/6/10,111.1027
2016/6/13,111.5036
2016/6/14,111.9826
2016/6/15,111.7671
2016/6/16,112.2347
2016/6/17,111.5332
2016/6/20,110.8693
2016/6/21,111.0077
2016/6/22,110.7681
2016/6/23,110.262
2016/6/24,112.1355
2016/6/27,113.1301
2016/6/28,112.7545
2016/6/29,111.8597
2016/6/30,112.1618
2016/7/1,111.6509
2016/7/4,
2016/7/5,112.4231
2016/7/6,112.5438
2016/7/7,112.5775
2016/7/8,112.3963
2016/7/11,112.5254
2016/7/12,112.1102
2016/7/13,112.0266
2016/7/14,111.7692
2016/7/15,112.2833
2016/7/18,112.2463
2016/7/19,112.638
2016/7/20,112.6743
2016/7/21,112.6239
2016/7/22,112.989
2016/7/25,113.1784
2016/7/26,113.0593
2016/7/27,113.217
2016/7/28,112.7393
2016/7/29,111.874
2016/8/1,111.9757
2016/8/2,111.7124
2016/8/3,111.9419
2016/8/4,111.9149
2016/8/5,112.3589
2016/8/8,112.1456
2016/8/9,111.722
2016/8/10,111.3238
2016/8/11,111.1954
2016/8/12,111.1787
2016/8/15,110.9212
2016/8/16,110.4295
2016/8/17,110.9459
2016/8/18,110.3134
2016/8/19,110.8163
2016/8/22,110.9997
2016/8/23,110.9414
2016/8/24,111.2958
2016/8/25,111.1726
2016/8/26,111.2035
2016/8/29,111.8775
2016/8/30,112.2928
2016/8/31,112.4036
2016/9/1,112.1733
2016/9/2,112.0009
2016/9/5,
2016/9/6,110.9613
2016/9/7,110.9717
2016/9/8,111.2609
2016/9/9,111.9879
2016/9/12,112.1516
2016/9/13,112.5207
2016/9/14,112.4678
2016/9/15,112.4753
2016/9/16,113.1765
2016/9/19,112.903
2016/9/20,113.1848
2016/9/21,112.9842
2016/9/22,112.2592
2016/9/23,112.7166
2016/9/26,112.7112
2016/9/27,112.5515
2016/9/28,112.6283
2016/9/29,112.2879
2016/9/30,112.2795
2016/10/3,112.5077
2016/10/4,112.6579
2016/10/5,112.7946
2016/10/6,113.0066
2016/10/7,113.2915
2016/10/10,
2016/10/11,113.4461
2016/10/12,113.7442
2016/10/13,113.6238
2016/10/14,113.7119
2016/10/17,113.5488
2016/10/18,113.1393
2016/10/19,113.0547
2016/10/20,113.4033
2016/10/21,113.9015
2016/10/24,113.8571
2016/10/25,113.6801
2016/10/26,113.8131
2016/10/27,114.1998
2016/10/28,114.0931
2016/10/31,114.0188
2016/11/1,113.9915
2016/11/2,113.9206
2016/11/3,113.7664
2016/11/4,113.5828
2016/11/7,113.5443
2016/11/8,113.3017
2016/11/9,114.6956
2016/11/10,115.9375
2016/11/11,
2016/11/14,117.2245
2016/11/15,116.7724
2016/11/16,116.8062
2016/11/17,116.8952
2016/11/18,117.5936
2016/11/21,117.4762
2016/11/22,117.4508
2016/11/23,118.0356
2016/11/24,
2016/11/25,118.02
2016/11/28,117.7278
2016/11/29,117.644
2016/11/30,117.7636
2016/12/1,117.6642
2016/12/2,117.3116
2016/12/5,117.1008
2016/12/6,116.9225
2016/12/7,116.672
2016/12/8,117.0327
2016/12/9,117.2834
2016/12/12,116.9161
2016/12/13,116.8029
2016/12/14,116.7332
2016/12/15,118.8072
2016/12/16,118.3584
2016/12/19,118.3875
2016/12/20,118.63
2016/12/21,118.581
2016/12/22,118.8209
2016/12/23,118.7856
2016/12/26,
2016/12/27,118.9506
2016/12/28,119.2305
2016/12/29,118.6637
2016/12/30,118.3466
2017/1/2,
2017/1/3,119.0903
2017/1/4,118.8803
2017/1/5,117.9999
2017/1/6,118.3495
2017/1/9,118.4111
2017/1/10,118.5386
2017/1/11,119.0219
2017/1/12,117.8001
2017/1/13,117.9884
2017/1/16,
2017/1/17,117.2656
2017/1/18,117.7242
2017/1/19,118.3182
2017/1/20,
2017/1/23,117.2479
2017/1/24,117.0516
2017/1/25,116.9355
2017/1/26,117.2766
2017/1/27,117.0735
2017/1/30,116.7325
2017/1/31,116.2241
2017/2/1,116.3914
2017/2/2,115.903
2017/2/3,115.6259
2017/2/6,116.0504
2017/2/7,116.4082
2017/2/8,116.1382
2017/2/9,116.306
2017/2/10,116.148
2017/2/13,116.3427
2017/2/14,116.3949
2017/2/15,116.2162
2017/2/16,116.0067
2017/2/17,116.4035
2017/2/20,
2017/2/21,116.5921
2017/2/22,116.2136
2017/2/23,115.6527
2017/2/24,115.8143
2017/2/27,115.6764
2017/2/28,116.0032
2017/3/1,116.438
2017/3/2,116.8429
2017/3/3,116.6438
2017/3/6,116.4313
2017/3/7,116.4303
2017/3/8,116.875
2017/3/9,116.9959
2017/3/10,116.616
2017/3/13,116.4004
2017/3/14,116.5646
2017/3/15,116.3584
2017/3/16,115.4456
2017/3/17,115.2783
2017/3/20,115.0426
2017/3/21,114.8119
2017/3/22,114.7937
2017/3/23,114.7899
2017/3/24,114.6372
2017/3/27,114.2347
2017/3/28,114.419
2017/3/29,114.7167
2017/3/30,114.5245
2017/3/31,114.7938
2017/4/3,114.8734
2017/4/4,115.0038
2017/4/5,114.9494
2017/4/6,115.0181
2017/4/7,115.0547
2017/4/10,115.11
2017/4/11,115.009
2017/4/12,114.9162
2017/4/13,114.5059
2017/4/14,114.5368
2017/4/17,114.3283
2017/4/18,114.2575
2017/4/19,114.7923
2017/4/20,114.6205
2017/4/21,114.8128
2017/4/24,114.3659
2017/4/25,114.5111
2017/4/26,114.9479
2017/4/27,114.9946
2017/4/28,114.7877
2017/5/1,114.5921
2017/5/2,114.6792
2017/5/3,114.6637
2017/5/4,114.9076
2017/5/5,114.7725
2017/5/8,115.0895
2017/5/9,115.3933
2017/5/10,115.1145
2017/5/11,115.0669
2017/5/12,114.7479
2017/5/15,114.3504
2017/5/16,113.9923
2017/5/17,113.7506
2017/5/18,114.2683
2017/5/19,113.7001
2017/5/22,113.5442
2017/5/23,113.6862
2017/5/24,113.675
2017/5/25,113.3719
2017/5/26,113.4839
2017/5/29,
2017/5/30,113.5552
2017/5/31,113.2956
2017/6/1,113.3017
2017/6/2,113.1908
2017/6/5,112.9755
2017/6/6,112.7095
2017/6/7,112.8191
2017/6/8,112.8351
2017/6/9,112.9562
2017/6/12,112.9837
2017/6/13,112.6271
2017/6/14,112.0734
2017/6/15,112.8708
2017/6/16,112.6155
2017/6/19,112.7576
2017/6/20,113.2698
2017/6/21,113.3327
2017/6/22,113.1654
2017/6/23,112.8665
2017/6/26,112.7633
2017/6/27,112.55
2017/6/28,112.0747
2017/6/29,111.998
2017/6/30,111.9896
2017/7/3,112.4268
2017/7/4,
2017/7/5,112.6534
2017/7/6,112.4199
2017/7/7,112.3137
2017/7/10,112.1587
2017/7/11,112.1434
2017/7/12,111.5904
2017/7/13,111.5365
2017/7/14,110.9075
2017/7/17,110.9304
2017/7/18,110.4356
2017/7/19,110.4339
2017/7/20,110.2512
2017/7/21,110.191
2017/7/24,110.2004
2017/7/25,110.2835
2017/7/26,110.3811
2017/7/27,110.216
2017/7/28,109.92
2017/7/31,109.8177
2017/8/1,109.8495
2017/8/2,109.7503
2017/8/3,109.8332
2017/8/4,110.2808
2017/8/7,110.373
2017/8/8,110.396
2017/8/9,110.3671
2017/8/10,110.1886
2017/8/11,110.0422
2017/8/14,110.095
2017/8/15,110.4846
2017/8/16,110.4394
2017/8/17,110.1673
2017/8/18,110.041
2017/8/21,109.7349
2017/8/22,109.8386
2017/8/23,109.8095
2017/8/24,109.7524
2017/8/25,109.3415
2017/8/28,109.1815
2017/8/29,109.0946
2017/8/30,109.4052
2017/8/31,109.3686
2017/9/1,109.0504
2017/9/4,
2017/9/5,108.8664
2017/9/6,108.4897
2017/9/7,107.9224
2017/9/8,107.808
2017/9/11,108.153
2017/9/12,108.3239
2017/9/13,108.6628
2017/9/14,108.618
2017/9/15,108.3147
2017/9/18,108.6401
2017/9/19,108.6142
2017/9/20,108.4329
2017/9/21,108.9267
2017/9/22,108.7542
2017/9/25,109.3302
2017/9/26,109.7769
2017/9/27,110.0722
2017/9/28,110.2415
2017/9/29,110.0867
2017/10/2,110.3686
2017/10/3,110.3281
2017/10/4,110.2425
2017/10/5,110.5823
2017/10/6,110.7841
2017/10/9,
2017/10/10,110.3034
2017/10/11,110.3037
2017/10/12,110.3152
2017/10/13,110.2669
2017/10/16,110.5432
2017/10/17,110.9141
2017/10/18,110.7214
2017/10/19,110.4577
2017/10/20,111.0375
2017/10/23,111.2134
2017/10/24,111.4027
2017/10/25,111.3904
2017/10/26,111.6418
2017/10/27,112.1495
2017/10/30,111.901
2017/10/31,111.8052
2017/11/1,111.7942
2017/11/2,111.5474
2017/11/3,111.9383
2017/11/6,111.7197
2017/11/7,111.9446
2017/11/8,111.6935
2017/11/9,111.5626
2017/11/10,
2017/11/13,111.7833
2017/11/14,111.5097
2017/11/15,111.4809
2017/11/16,111.2568
2017/11/17,111.0016
2017/11/20,111.2599
2017/11/21,110.9828
2017/11/22,110.5632
2017/11/23,
2017/11/24,110.0253
2017/11/27,110.1136
2017/11/28,110.3018
2017/11/29,110.3265
2017/11/30,110.4648
2017/12/1,110.1413
2017/12/4,110.397
2017/12/5,110.4905
2017/12/6,110.8711
2017/12/7,111.0178
2017/12/8,111.2273
2017/12/11,111.0827
2017/12/12,111.5214
2017/12/13,111.2759
2017/12/14,111.0893
2017/12/15,111.1286
2017/12/18,110.9086
2017/12/19,111.1255
2017/12/20,110.8361
2017/12/21,110.8786
2017/12/22,111.0997
2017/12/25,
2017/12/26,110.9758
2017/12/27,110.8553
2017/12/28,110.5154
2017/12/29,110.0783
2018/1/1,
2018/1/2,109.6444
2018/1/3,109.6751
2018/1/4,109.4779
2018/1/5,109.3496
2018/1/8,109.5678
2018/1/9,109.9022
2018/1/10,109.6277
2018/1/11,109.4887
2018/1/12,108.9011
2018/1/15,
2018/1/16,108.322
2018/1/17,108.1526
2018/1/18,108.0655
2018/1/19,107.9454
2018/1/22,108.1069
2018/1/23,107.9981
2018/1/24,107.0801
2018/1/25,106.5052
2018/1/26,106.6909
2018/1/29,107.1141
2018/1/30,107.1063
2018/1/31,106.7695
2018/2/1,106.4877
2018/2/2,107.1154
2018/2/5,107.3303
2018/2/6,107.5206
2018/2/7,107.7173
2018/2/8,108.3021
2018/2/9,108.2579
2018/2/12,108.0332
2018/2/13,107.7575
2018/2/14,107.4693
2018/2/15,106.9869
2018/2/16,107.0359
2018/2/19,
2018/2/20,107.6248
2018/2/21,107.8679
2018/2/22,107.8668
2018/2/23,107.6802
2018/2/26,107.7345
2018/2/27,108.1729
2018/2/28,108.3901
2018/3/1,108.5357
2018/3/2,
2018/3/5,108.3617
2018/3/6,107.7972
2018/3/7,108.0916
2018/3/8,108.2673
2018/3/9,107.9231
2018/3/12,107.9439
2018/3/13,107.7387
2018/3/14,107.8625
2018/3/15,108.2033
2018/3/16,108.4333
2018/3/19,108.3146
2018/3/20,108.4953
2018/3/21,
2018/3/22,107.9934
2018/3/23,107.7495
2018/3/26,107.182
2018/3/27,107.3361
2018/3/28,107.5733
2018/3/29,107.665
2018/3/30,107.4783
2018/4/2,107.7031
2018/4/3,107.5621
2018/4/4,107.636
2018/4/5,107.7279
2018/4/6,107.7884
2018/4/9,107.5312
2018/4/10,107.3651
2018/4/11,107.1216
2018/4/12,107.2897
2018/4/13,107.2359
2018/4/16,107.0588
2018/4/17,107.0335
2018/4/18,107.1091
2018/4/19,107.5191
2018/4/20,108.1782
2018/4/23,108.9328
2018/4/24,108.7903
2018/4/25,109.3443
2018/4/26,109.3639
2018/4/27,109.1729
2018/4/30,109.3356
2018/5/1,109.7437
2018/5/2,110.1616
2018/5/3,110.1796
2018/5/4,110.2492
2018/5/7,110.5713
2018/5/8,111.062
2018/5/9,110.8807
2018/5/10,110.4041
2018/5/11,110.2839
2018/5/14,110.4073
2018/5/15,111.2283
2018/5/16,111.3057
2018/5/17,111.3537
2018/5/18,111.7161
2018/5/21,111.6385
2018/5/22,111.1934
2018/5/23,111.6919
2018/5/24,111.4871
2018/5/25,111.5828
2018/5/28,
2018/5/29,112.2108
2018/5/30,111.6717
2018/5/31,111.988
2018/6/1,111.8253
2018/6/4,111.8235
2018/6/5,112.2628
2018/6/6,111.7517
2018/6/7,112.0719
2018/6/8,112.1057
2018/6/11,112.1097
2018/6/12,112.2129
2018/6/13,112.2569
2018/6/14,112.8581
2018/6/15,113.3369
2018/6/18,113.4889
2018/6/19,113.6379
2018/6/20,113.4774
2018/6/21,113.61
2018/6/22,113.3039
2018/6/25,113.2854
2018/6/26,113.301
2018/6/27,113.8964
2018/6/28,113.8399
2018/6/29,113.2583
2018/7/2,114.1669
2018/7/3,113.3217
2018/7/4,
2018/7/5,112.9756
2018/7/6,112.6426
2018/7/9,112.6423
2018/7/10,112.5792
2018/7/11,112.8582
2018/7/12,112.779
2018/7/13,113.0705
2018/7/16,112.8438
2018/7/17,113.1504
2018/7/18,113.3349
2018/7/19,113.9464
2018/7/20,113.3214
2018/7/23,113.4248
2018/7/24,113.2043
2018/7/25,112.9217
2018/7/26,112.9175
2018/7/27,112.8122
2018/7/30,112.6043
2018/7/31,112.7297
2018/8/1,112.8897
2018/8/2,113.1674
2018/8/3,113.0114
2018/8/6,113.2283
2018/8/7,112.9753
2018/8/8,113.1404
2018/8/9,113.3797
2018/8/10,114.2992
2018/8/13,114.8497
2018/8/14,114.6566
2018/8/15,115.1512
2018/8/16,114.6403
2018/8/17,114.5327
2018/8/20,114.3493
2018/8/21,113.8595
2018/8/22,113.6622
2018/8/23,114.0926
2018/8/24,113.598
2018/8/27,113.2717
2018/8/28,113.3441
2018/8/29,113.6458
2018/8/30,114.0895
2018/8/31,114.275
2018/9/3,
2018/9/4,114.858
2018/9/5,114.7474
2018/9/6,114.6473
2018/9/7,114.5807
2018/9/10,114.6793
2018/9/11,114.7044
2018/9/12,114.2185
2018/9/13,113.9264
2018/9/14,114.0654
2018/9/17,113.9154
2018/9/18,113.7735
2018/9/19,113.6528
2018/9/20,113.4986
2018/9/21,113.5097
2018/9/24,113.53
2018/9/25,113.7203
2018/9/26,113.6738
2018/9/27,113.9782
2018/9/28,113.8072
2018/10/1,113.8227
2018/10/2,113.8946
2018/10/3,114.1559
2018/10/4,114.6857
2018/10/5,114.5599
2018/10/8,
2018/10/9,114.6568
2018/10/10,114.6059
2018/10/11,114.4062
2018/10/12,114.368
2018/10/15,114.044
2018/10/16,113.8952
2018/10/17,114.1743
2018/10/18,114.8152
2018/10/19,114.8557
2018/10/22,115.1772
2018/10/23,115.1641
2018/10/24,115.3743
2018/10/25,115.4818
2018/10/26,115.4717
2018/10/29,115.8925
2018/10/30,116.2346
2018/10/31,116.5268
2018/11/1,115.8643
2018/11/2,115.6415
2018/11/5,115.7015
2018/11/6,115.5607
2018/11/7,115.2505
2018/11/8,115.6463
2018/11/9,116.4762
2018/11/12,
2018/11/13,116.6676
2018/11/14,116.4964
2018/11/15,116.3849
2018/11/16,115.9246
2018/11/19,115.985
2018/11/20,116.2357
2018/11/21,116.0911
2018/11/22,
2018/11/23,116.4703
2018/11/26,116.6198
2018/11/27,116.8991
2018/11/28,116.8333
2018/11/29,116.1954
2018/11/30,116.4121
2018/12/3,115.9046
2018/12/4,116.0015
2018/12/5,
2018/12/6,116.3983
2018/12/7,116.0839
2018/12/10,116.6739
2018/12/11,116.7556
2018/12/12,116.2205
2018/12/13,116.3967
2018/12/14,116.7891
2018/12/17,116.4524
2018/12/18,116.4122
2018/12/19,116.0672
2018/12/20,116.0179
2018/12/21,116.2221
2018/12/24,116.2177
2018/12/25,
2018/12/26,116.1156
2018/12/27,115.9922
2018/12/28,115.7226
2018/12/31,115.5667
2019/1/1,
2019/1/2,115.7676
2019/1/3,115.4611
2019/1/4,114.9813
2019/1/7,114.5621
2019/1/8,114.7272
2019/1/9,114.1394
2019/1/10,114.048
2019/1/11,114.0383
2019/1/14,
2019/1/15,114.3374
2019/1/16,114.1341
2019/1/17,114.4087
2019/1/18,114.5555
2019/1/21,
2019/1/22,114.7515
2019/1/23,114.5732
2019/1/24,114.614
2019/1/25,114.0168
2019/1/28,114.0493
2019/1/29,114.0227
2019/1/30,114.0705
2019/1/31,113.5476
2019/2/1,113.7524
2019/2/4,113.8738
2019/2/5,114.0404
2019/2/6,114.2275
2019/2/7,114.4308
2019/2/8,114.4975
2019/2/11,115.0288
2019/2/12,114.7278
2019/2/13,114.9388
2019/2/14,115.0984
2019/2/15,114.9899
2019/2/18,
2019/2/19,114.5676
2019/2/20,
2019/2/21,114.507
2019/2/22,114.2692
2019/2/25,114.1432
2019/2/26,114.0662
2019/2/27,114.0337
2019/2/28,114.1971
2019/3/1,114.535
2019/3/4,114.6903
2019/3/5,114.8019
2019/3/6,114.9697
2019/3/7,115.4905
2019/3/8,115.3585
2019/3/11,115.2953
2019/3/12,114.9376
2019/3/13,114.7361
2019/3/14,114.7891
2019/3/15,114.5808
2019/3/18,114.4368
2019/3/19,114.2313
2019/3/20,114.1497
2019/3/21,114.1672
2019/3/22,114.6845
2019/3/25,114.4158
2019/3/26,114.6404
2019/3/27,115.1236
2019/3/28,115.2575
2019/3/29,115.1364
2019/4/1,114.935
2019/4/2,115.1164
2019/4/3,114.7204
2019/4/4,114.9687
2019/4/5,114.9714
2019/4/8,114.6879
2019/4/9,114.5307
2019/4/10,114.4255
2019/4/11,114.629
2019/4/12,114.3517
2019/4/15,114.4936
2019/4/16,114.6745
2019/4/17,114.5128
2019/4/18,114.7057
2019/4/19,114.6961
2019/4/22,114.7679
2019/4/23,115.1563
2019/4/24,115.4172
2019/4/25,115.7692
2019/4/26,115.4749
2019/4/29,115.5213
2019/4/30,115.3268
2019/5/1,115.0008
2019/5/2,115.5607
2019/5/3,115.2635
2019/5/6,115.38
2019/5/7,115.6104
2019/5/8,115.5161
2019/5/9,115.8414
2019/5/10,115.5327
2019/5/13,115.9142
2019/5/14,115.942
2019/5/15,115.8561
2019/5/16,116.0343
2019/5/17,116.4481
2019/5/20,116.3126
2019/5/21,116.2847
2019/5/22,116.2414
2019/5/23,116.2369
2019/5/24,116.0809
2019/5/27,
2019/5/28,116.3178
2019/5/29,116.5533
2019/5/30,116.3986
2019/5/31,116.7279
2019/6/3,116.4777
2019/6/4,116.0919
2019/6/5,116.0309
2019/6/6,115.9788
2019/6/7,115.7386
2019/6/10,115.5012
2019/6/11,115.3803
2019/6/12,115.4388
2019/6/13,115.6281
2019/6/14,115.9059
2019/6/17,115.9687
2019/6/18,115.8798
2019/6/19,115.7891
2019/6/20,114.8046
2019/6/21,114.8378
2019/6/24,114.6568
2019/6/25,114.6373
2019/6/26,114.5619
2019/6/27,114.6663
2019/6/28,114.5834
2019/7/1,114.7247
2019/7/2,114.8268
2019/7/3,114.8145
2019/7/4,
2019/7/5,115.1143
2019/7/8,115.0263
2019/7/9,115.1026
2019/7/10,115.0897
2019/7/11,114.8375
2019/7/12,114.7696
2019/7/15,114.6831
2019/7/16,115.0124
2019/7/17,114.8829
2019/7/18,114.8751
2019/7/19,114.8702
2019/7/22,115.0026
2019/7/23,115.3001
2019/7/24,115.2441
2019/7/25,115.2987
2019/7/26,115.5454
2019/7/29,115.5896
2019/7/30,115.6222
2019/7/31,115.4955
2019/8/1,116.0509
2019/8/2,116.1874
2019/8/5,116.587
2019/8/6,116.6921
2019/8/7,116.8003
2019/8/8,116.4756
2019/8/9,116.4432
2019/8/12,116.7567
2019/8/13,116.7283
2019/8/14,117.0926
2019/8/15,117.2247
2019/8/16,117.0796
2019/8/19,117.39
2019/8/20,117.3738
2019/8/21,117.1778
2019/8/22,117.357
2019/8/23,117.3027
2019/8/26,117.668
2019/8/27,117.7525
2019/8/28,117.8792
2019/8/29,118.0652
2019/8/30,118.16
2019/9/2,
2019/9/3,118.313
2019/9/4,117.6745
2019/9/5,117.4791
2019/9/6,117.1305
2019/9/9,117.0617
2019/9/10,117.09
2019/9/11,117.3138
2019/9/12,116.8391
2019/9/13,116.769
2019/9/16,117.0261
2019/9/17,116.9839
2019/9/18,116.9779
2019/9/19,117.0877
2019/9/20,117.1835
2019/9/23,117.3006
2019/9/24,117.2247
2019/9/25,117.6549
2019/9/26,117.729
2019/9/27,117.7246
2019/9/30,117.9488
2019/10/1,117.9621
2019/10/2,117.9694
2019/10/3,117.6628
2019/10/4,117.5306
2019/10/7,117.5552
2019/10/8,117.7423
2019/10/9,117.6854
2019/10/10,117.282
2019/10/11,116.8257
2019/10/14,
2019/10/15,116.8122
2019/10/16,116.6438
2019/10/17,116.2631
2019/10/18,116.1359
2019/10/21,116.0453
2019/10/22,115.9868
2019/10/23,116.0601
2019/10/24,116.1291
2019/10/25,116.0788
2019/10/28,116.0236
2019/10/29,115.9811
2019/10/30,116.1649
2019/10/31,115.9137
2019/11/1,115.7324
2019/11/4,115.8637
2019/11/5,116.1149
2019/11/6,116.1012
2019/11/7,116.1179
2019/11/8,116.344
2019/11/11,
2019/11/12,116.5843
2019/11/13,116.8404
2019/11/14,116.8031
2019/11/15,116.4409
2019/11/18,116.3634
2019/11/19,116.5402
2019/11/20,116.8293
2019/11/21,116.7447
2019/11/22,116.9148
2019/11/25,117.0109
2019/11/26,117.0529
2019/11/27,117.1292
2019/11/28,
2019/11/29,117.1218
2019/12/2,116.9664
2019/12/3,116.8916
2019/12/4,116.6938
2019/12/5,116.3857
2019/12/6,116.5394
2019/12/9,116.3296
2019/12/10,116.2557
2019/12/11,116.1492
2019/12/12,115.8755
2019/12/13,115.6976
2019/12/16,115.5559
2019/12/17,115.5561
2019/12/18,115.6627
2019/12/19,115.5997
2019/12/20,115.7604
2019/12/23,115.8066
2019/12/24,
2019/12/25,
2019/12/26,115.6347
2019/12/27,115.2207
2019/12/30,114.9639
2019/12/31,114.6697
2020/1/1,
2020/1/2,114.9746
2020/1/3,114.9862
2020/1/6,114.9552
2020/1/7,115.1467
2020/1/8,115.1318
2020/1/9,115.2325
2020/1/10,115.0671
2020/1/13,115.0337
2020/1/14,115.0233
2020/1/15,114.9526
2020/1/16,114.9999
2020/1/17,115.0642
2020/1/20,
2020/1/21,115.1865
2020/1/22,115.2264
2020/1/23,115.5537
2020/1/24,115.5545
2020/1/27,115.7994
2020/1/28,115.7226
2020/1/29,115.6986
2020/1/30,115.8065
2020/1/31,115.7342
2020/2/3,116.1176
2020/2/4,115.929
2020/2/5,116.0082
2020/2/6,116.1508
2020/2/7,116.5075
2020/2/10,116.5701
2020/2/11,116.3572
2020/2/12,116.2777
2020/2/13,116.398
2020/2/14,116.42
2020/2/17,
2020/2/18,116.6016
2020/2/19,116.7802
2020/2/20,117.2434
2020/2/21,117.0456
2020/2/24,117.401
2020/2/25,117.2417
2020/2/26,117.4048
2020/2/27,117.3686
2020/2/28,117.6573
2020/3/2,116.8148
2020/3/3,116.4958
2020/3/4,116.7799
2020/3/5,116.7913
2020/3/6,116.7132
2020/3/9,117.1927
2020/3/10,117.9082
2020/3/11,118.2564
2020/3/12,120.4945
2020/3/13,120.4439
2020/3/16,120.9417
2020/3/17,122.4875
2020/3/18,124.1693
2020/3/19,125.0662
2020/3/20,124.9425
2020/3/23,126.1342
2020/3/24,125.5092
2020/3/25,124.7995
2020/3/26,122.4384
2020/3/27,122.4097
2020/3/30,123.2997
2020/3/31,122.5394
2020/4/1,123.8033
2020/4/2,123.5994
2020/4/3,124.4237
2020/4/6,124.1692
2020/4/7,123.1038
2020/4/8,123.2299
2020/4/9,122.4834
2020/4/10,122.1668
2020/4/13,122.5282
2020/4/14,122.1204
2020/4/15,123.084
2020/4/16,123.4698
2020/4/17,122.8791
2020/4/20,123.1121
2020/4/21,123.9207
2020/4/22,123.9354
2020/4/23,123.7645
2020/4/24,124.172
2020/4/27,123.8954
2020/4/28,123.3794
2020/4/29,122.7877
2020/4/30,122.3375
2020/5/1,123.1615
2020/5/4,123.2224
2020/5/5,122.8117
2020/5/6,123.6188
2020/5/7,123.1339
2020/5/8,122.5465
2020/5/11,123.2423
2020/5/12,123.0694
2020/5/13,123.5512
2020/5/14,123.6524
2020/5/15,123.608
2020/5/18,122.8055
2020/5/19,122.5744
2020/5/20,122.1093
2020/5/21,122.099
2020/5/22,122.3278
2020/5/25,
2020/5/26,121.3933
2020/5/27,121.5741
2020/5/28,121.0207
2020/5/29,120.953
2020/6/1,120.2753
2020/6/2,119.692
2020/6/3,119.2625
2020/6/4,119.3094
2020/6/5,118.8202
2020/6/8,118.6687
2020/6/9,118.5967
2020/6/10,118.5307
2020/6/11,119.2435
2020/6/12,119.6719
2020/6/15,119.9622
2020/6/16,119.5744
2020/6/17,119.918
2020/6/18,120.2252
2020/6/19,120.226
2020/6/22,119.7613
2020/6/23,119.3372
2020/6/24,119.9834
2020/6/25,120.3089
2020/6/26,120.5425
2020/6/29,120.6757
2020/6/30,120.4746
2020/7/1,120.0902
2020/7/2,119.8648
2020/7/3,
2020/7/6,119.2941
2020/7/7,119.5814
2020/7/8,119.5625
2020/7/9,119.5221
2020/7/10,119.3601
2020/7/13,119.1984
2020/7/14,119.3999
2020/7/15,119.0423
2020/7/16,118.9368
2020/7/17,119.134
2020/7/20,119.0588
2020/7/21,118.4145
2020/7/22,118.1446
2020/7/23,118.0724
2020/7/24,118.1445
2020/7/27,117.3982
2020/7/28,117.3301
2020/7/29,117.2242
2020/7/30,117.4133
2020/7/31,117.2208
2020/8/3,117.8199
2020/8/4,117.7962
2020/8/5,116.8865
2020/8/6,117.055
2020/8/7,117.6365
2020/8/10,117.5946
2020/8/11,117.3902
2020/8/12,117.2679
2020/8/13,117.1313
2020/8/14,116.9512
2020/8/17,116.7609
2020/8/18,116.5722
2020/8/19,116.5789
2020/8/20,116.8243
2020/8/21,117.0682
2020/8/24,116.9238
2020/8/25,116.8324
2020/8/26,116.6358
2020/8/27,116.6614
2020/8/28,115.9506
2020/8/31,115.7717
2020/9/1,115.5814
2020/9/2,116.0423
2020/9/3,116.0799
2020/9/4,116.0457
2020/9/7,
2020/9/8,116.4725
2020/9/9,116.1396
2020/9/10,115.8906
2020/9/11,116.0963
2020/9/14,115.6523
2020/9/15,115.5996
2020/9/16,115.3623
2020/9/17,115.4476
2020/9/18,115.248
2020/9/21,116.3873
2020/9/22,116.5529
2020/9/23,117.2631
2020/9/24,117.5578
2020/9/25,117.8786
2020/9/28,117.629
2020/9/29,117.5379
2020/9/30,116.957
2020/10/1,116.7339
2020/10/2,116.7424
2020/10/5,116.187
2020/10/6,116.2781
2020/10/7,116.3548
2020/10/8,116.1753
2020/10/9,115.2843
2020/10/12,
2020/10/13,115.9193
2020/10/14,115.6959
2020/10/15,116.1046
2020/10/16,115.7754
2020/10/19,115.4109
2020/10/20,115.2558
2020/10/21,114.9185
2020/10/22,115.1234
2020/10/23,115.0198
2020/10/26,115.2872
2020/10/27,115.0206
2020/10/28,115.8099
2020/10/29,116.3138
2020/10/30,116.1417
2020/11/2,116.2425
2020/11/3,115.4864
2020/11/4,115.1733
2020/11/5,114.4615
2020/11/6,113.9977
2020/11/9,114.0942
2020/11/10,114.0802
2020/11/11,
2020/11/12,114.2889
2020/11/13,114.2445
2020/11/16,113.8356
2020/11/17,113.6864
2020/11/18,113.4645
2020/11/19,113.6982
2020/11/20,113.4932
2020/11/23,113.759
2020/11/24,113.4361
2020/11/25,113.1871
2020/11/26,
2020/11/27,
2020/11/30,113.2308
2020/12/1,112.8122
2020/12/2,112.6174
2020/12/3,112.0293
2020/12/4,111.7826
2020/12/7,111.8431
2020/12/8,111.8684
2020/12/9,112.0353
2020/12/10,111.9839
2020/12/11,112.1469
2020/12/14,112.177
2020/12/15,111.866
2020/12/16,111.7215
2020/12/17,111.2286
2020/12/18,111.6136
2020/12/21,111.9477
2020/12/22,112.201
2020/12/23,111.9873
2020/12/24,
2020/12/25,
2020/12/28,111.9821
2020/12/29,111.524
2020/12/30,111.3156
2020/12/31,111.324
2021/1/1,
2021/1/4,111.2143
2021/1/5,110.9649
2021/1/6,110.8573
2021/1/7,111.3124
2021/1/8,111.293
2021/1/11,111.8342
2021/1/12,111.5584
2021/1/13,111.3702
2021/1/14,111.1639
2021/1/15,111.5168
2021/1/18,
2021/1/19,111.4591
2021/1/20,
2021/1/21,111.2044
2021/1/22,111.5602
2021/1/25,111.8767
2021/1/26,111.6661
2021/1/27,112.0876
2021/1/28,112.015
2021/1/29,111.9604
2021/2/1,112.4282
2021/2/2,112.2937
2021/2/3,112.2648
2021/2/4,112.756
2021/2/5,112.2463
2021/2/8,112.0512
2021/2/9,111.7768
2021/2/10,111.5929
2021/2/11,111.5364
2021/2/12,111.4981
2021/2/15,
2021/2/16,111.7984
2021/2/17,112.03
2021/2/18,112.1718
2021/2/19,111.7179
2021/2/22,111.9316
2021/2/23,111.911
2021/2/24,111.7339
2021/2/25,111.9402
2021/2/26,112.8433
2021/3/1,112.538
2021/3/2,112.5472
2021/3/3,112.7761
2021/3/4,112.717
2021/3/5,113.7626
2021/3/8,114.2824
2021/3/9,113.9431
2021/3/10,113.6015
2021/3/11,112.9345
2021/3/12,113.0403
2021/3/15,113.2065
2021/3/16,112.997
2021/3/17,113.1726
2021/3/18,112.7872
2021/3/19,112.9877
2021/3/22,113.0154
2021/3/23,113.3038
2021/3/24,113.669
2021/3/25,114.014
2021/3/26,113.7532
2021/3/29,113.9447
2021/3/30,114.2152
2021/3/31,113.8351
2021/4/1,113.7504
2021/4/2,113.7429
2021/4/5,113.406
2021/4/6,113.1575
2021/4/7,113.254
2021/4/8,113.1015
2021/4/9,113.2132
2021/4/12,113.1916
2021/4/13,113.0489
2021/4/14,112.7951
2021/4/15,112.6274
2021/4/16,112.4913
2021/4/19,112.1929
2021/4/20,112.2444
2021/4/21,112.1862
2021/4/22,112.2385
2021/4/23,112.0981
2021/4/26,111.8207
2021/4/27,111.9203
2021/4/28,111.8015
2021/4/29,111.7583
2021/4/30,112.0959
2021/5/3,112.0176
2021/5/4,112.3021
2021/5/5,112.1639
2021/5/6,111.8525
2021/5/7,111.0372
2021/5/10,110.803
2021/5/11,110.904
2021/5/12,111.5762
2021/5/13,111.6079
2021/5/14,111.1476
2021/5/17,111.0913
2021/5/18,110.8446
2021/5/19,110.8933
2021/5/20,110.8741
2021/5/21,111.0714
2021/5/24,110.9254
2021/5/25,110.8557
2021/5/26,110.8814
2021/5/27,110.8829
2021/5/28,110.7711
2021/5/31,
2021/6/1,110.5179
2021/6/2,110.5924
2021/6/3,111.1905
2021/6/4,110.7645
2021/6/7,110.5275
2021/6/8,110.6608
2021/6/9,110.582
2021/6/10,110.557
2021/6/11,111.1052
2021/6/14,110.9779
2021/6/15,111.3634
2021/6/16,111.1287
2021/6/17,112.5881
2021/6/18,113.0517
2021/6/21,112.8506
2021/6/22,112.929
2021/6/23,112.3931
2021/6/24,112.3357
2021/6/25,111.9742
2021/6/28,112.033
2021/6/29,112.2692
2021/6/30,112.5613
2021/7/1,112.7484
2021/7/2,112.5507
2021/7/5,
2021/7/6,112.9602
2021/7/7,113.1136
2021/7/8,113.0863
2021/7/9,112.8468
2021/7/12,112.7701
2021/7/13,113.0153
2021/7/14,112.8885
2021/7/15,113.0122
2021/7/16,113.0504
2021/7/19,113.5547
2021/7/20,113.7582
2021/7/21,113.4018
2021/7/22,113.4788
2021/7/23,113.4486
2021/7/26,113.2335
2021/7/27,113.2321
2021/7/28,113.1899
2021/7/29,112.4927
2021/7/30,112.6808
2021/8/2,112.6784
2021/8/3,112.8331
2021/8/4,112.906
2021/8/5,112.778
2021/8/6,113.3192
2021/8/9,113.4625
2021/8/10,113.5072
2021/8/11,113.2917
2021/8/12,113.278
2021/8/13,113.0708
2021/8/16,113.179
2021/8/17,113.6263
2021/8/18,113.705
2021/8/19,114.1195
2021/8/20,114.5108
2021/8/23,113.9526
2021/8/24,113.6899
2021/8/25,113.6424
2021/8/26,113.7986
2021/8/27,113.3511
2021/8/30,113.256
2021/8/31,113.1175
2021/9/1,112.8832
2021/9/2,112.7966
2021/9/3,112.558
2021/9/6,
2021/9/7,112.9892
2021/9/8,113.2414
2021/9/9,113.053
2021/9/10,112.9519
2021/9/13,113.0432
2021/9/14,113.0151
2021/9/15,112.9862
2021/9/16,113.3122
2021/9/17,113.6074
2021/9/20,113.9511
2021/9/21,113.8266
2021/9/22,113.631
2021/9/23,113.5224
2021/9/24,113.7694
2021/9/27,113.7532
2021/9/28,114.2571
2021/9/29,114.7191
2021/9/30,114.6504
2021/10/1,114.3899
2021/10/4,114.2847
2021/10/5,114.3767
2021/10/6,114.7292
2021/10/7,114.5156
2021/10/8,114.6108
2021/10/11,
2021/10/12,114.7667
2021/10/13,114.4827
2021/10/14,114.2181
2021/10/15,114.1033
2021/10/18,114.0022
2021/10/19,113.6595
2021/10/20,113.521
2021/10/21,113.6322
2021/10/22,113.6828
2021/10/25,113.6172
2021/10/26,113.6863
2021/10/27,113.6342
2021/10/28,113.453
2021/10/29,114.149
2021/11/1,114.2231
2021/11/2,114.2997
2021/11/3,114.3754
2021/11/4,114.37
2021/11/5,114.0865
2021/11/8,113.8391
2021/11/9,113.7746
2021/11/10,114.1611
2021/11/11,
2021/11/12,114.5263
2021/11/15,114.6003
2021/11/16,115.149
2021/11/17,115.039
2021/11/18,115.0811
2021/11/19,115.2318
2021/11/22,115.6615
2021/11/23,116.026
2021/11/24,116.2855
2021/11/25,
2021/11/26,116.5259
2021/11/29,116.596
2021/11/30,116.2206
2021/12/1,115.9026
2021/12/2,116.0313
2021/12/3,116.2511
2021/12/6,116.1663
2021/12/7,115.8676
2021/12/8,115.4541
2021/12/9,115.7904
2021/12/10,115.5852
2021/12/13,115.8538
2021/12/14,116.252
2021/12/15,116.4342
2021/12/16,115.7267
2021/12/17,115.8022
2021/12/20,116.0206
2021/12/21,116.1208
2021/12/22,115.7612
2021/12/23,115.5469
2021/12/24,
2021/12/27,115.4821
2021/12/28,115.4327
2021/12/29,115.3819
2021/12/30,115.2969
2021/12/31,
2022/1/3,115.4243
2022/1/4,115.3263
2022/1/5,115.1524
2022/1/6,115.4189
2022/1/7,115.0596
2022/1/10,115.235
2022/1/11,114.8467
2022/1/12,114.3713
2022/1/13,114.1934
2022/1/14,114.3968
2022/1/17,
2022/1/18,114.7513
2022/1/19,114.6254
2022/1/20,114.4779
2022/1/21,114.6261
2022/1/24,115.2165
2022/1/25,115.1779
2022/1/26,115.1044
2022/1/27,115.9874
2022/1/28,116.049
2022/1/31,115.5742
2022/2/1,115.3775
2022/2/2,115.1643
2022/2/3,114.9175
2022/2/4,115.1473
2022/2/7,115.0209
2022/2/8,115.0999
2022/2/9,114.8329
2022/2/10,114.5618
2022/2/11,114.8489
2022/2/14,115.2008
2022/2/15,114.9357
2022/2/16,114.6954
2022/2/17,114.682
2022/2/18,114.8036
2022/2/21,
2022/2/22,114.7054
2022/2/23,114.6718
2022/2/24,115.9478
2022/2/25,115.2633
2022/2/28,115.2317
2022/3/1,115.8062
2022/3/2,115.7727
2022/3/3,115.9592
2022/3/4,116.661
2022/3/7,117.3406
2022/3/8,117.6281
2022/3/9,116.6057
2022/3/10,116.75
2022/3/11,117.0294
2022/3/14,117.1594
2022/3/15,117.2533
2022/3/16,116.8135
2022/3/17,116.0544
2022/3/18,116.1447
2022/3/21,115.9467
2022/3/22,116.0888
2022/3/23,116.0101
2022/3/24,115.9651
2022/3/25,115.7953
2022/3/28,116.1953
2022/3/29,115.572
2022/3/30,115.0857
2022/3/31,115.2254
2022/4/1,115.4835
2022/4/4,115.4121
2022/4/5,115.7328
2022/4/6,116.002
2022/4/7,116.3541
2022/4/8,116.42
2022/4/11,116.5423
2022/4/12,116.387
2022/4/13,116.2793
2022/4/14,116.7552
2022/4/15,116.7011
2022/4/18,116.8427
2022/4/19,117.1322
2022/4/20,116.7325
2022/4/21,117.1454
2022/4/22,118.0205
2022/4/25,118.6298
2022/4/26,118.9658
2022/4/27,119.472
2022/4/28,120.0703
2022/4/29,119.4936
2022/5/2,119.8827
2022/5/3,119.7037
2022/5/4,119.5567
2022/5/5,120.0043
2022/5/6,119.8544
2022/5/9,120.4949
2022/5/10,120.7716
2022/5/11,120.3896
2022/5/12,121.273
2022/5/13,120.8379
2022/5/16,120.6812
2022/5/17,119.8816
2022/5/18,120.022
2022/5/19,119.4244
2022/5/20,119.3617
2022/5/23,118.712
2022/5/24,118.6208
2022/5/25,118.9561
2022/5/26,118.7671
2022/5/27,118.2796
2022/5/30,
2022/5/31,118.0689
2022/6/1,118.6936
2022/6/2,118.0642
2022/6/3,118.2138
2022/6/6,118.3053
2022/6/7,118.4401
2022/6/8,118.3944
2022/6/9,118.9193
2022/6/10,119.9942
2022/6/13,121.1517
2022/6/14,121.6668
2022/6/15,121.6382
2022/6/16,120.6755
2022/6/17,121.2389
2022/6/20,
2022/6/21,120.646
2022/6/22,120.5232
2022/6/23,120.7646
2022/6/24,120.4897
2022/6/27,120.1789
2022/6/28,120.6254
2022/6/29,120.9689
2022/6/30,120.9718
2022/7/1,121.5123
2022/7/4,
2022/7/5,122.6276
2022/7/6,123.0165
2022/7/7,122.7336
2022/7/8,122.4724
2022/7/11,123.3062
2022/7/12,123.4612
2022/7/13,123.293
2022/7/14,124.0717
2022/7/15,123.4842
2022/7/18,122.78
2022/7/19,122.4922
2022/7/20,122.6096
2022/7/21,122.9169
2022/7/22,122.4643
2022/7/25,122.4721
2022/7/26,122.7698
2022/7/27,122.8281
2022/7/28,122.1267
2022/7/29,121.7793
2022/8/1,121.4218
2022/8/2,121.9609
2022/8/3,122.4002
2022/8/4,121.8436
2022/8/5,122.33
2022/8/8,121.8887
2022/8/9,121.8719
2022/8/10,120.7648
2022/8/11,120.7281
2022/8/12,121.0272
2022/8/15,121.4382
2022/8/16,121.6889
2022/8/17,122.0802
2022/8/18,122.3722
2022/8/19,123.0596
2022/8/22,123.6123
2022/8/23,123.0617
2022/8/24,123.1136
2022/8/25,123.0645
2022/8/26,123.0709
2022/8/29,123.4739
2022/8/30,123.6893
2022/8/31,123.5407
2022/9/1,124.4045
2022/9/2,123.7771
2022/9/5,
2022/9/6,124.7719
2022/9/7,124.8457
2022/9/8,124.584
2022/9/9,123.7954
2022/9/12,123.3441
2022/9/13,124.4342
2022/9/14,124.4593
2022/9/15,124.8944
2022/9/16,124.8879
2022/9/19,125.0177
2022/9/20,125.1324
2022/9/21,125.7464
2022/9/22,126.1668
2022/9/23,127.2867
2022/9/26,128.4544
2022/9/27,128.4399
2022/9/28,128.0937
2022/9/29,127.5463
2022/9/30,127.5159
2022/10/3,127.0793
2022/10/4,126.184
2022/10/5,126.863
2022/10/6,127.2481
2022/10/7,127.3093
2022/10/10,
2022/10/11,127.6614
2022/10/12,128.1456
2022/10/13,127.7276
2022/10/14,128.3303
2022/10/17,127.6478
2022/10/18,127.9184
2022/10/19,128.3992
2022/10/20,128.0084
2022/10/21,127.6758
2022/10/24,128.0351
2022/10/25,127.384
2022/10/26,126.481
2022/10/27,126.7102
2022/10/28,127.2196
2022/10/31,127.6272
2022/11/1,127.4011
2022/11/2,127.3138
2022/11/3,128.1712
2022/11/4,127.149
2022/11/7,126.3098
2022/11/8,125.64
2022/11/9,125.9926
2022/11/10,124.7142
2022/11/11,
2022/11/14,123.4425
2022/11/15,123.0534
2022/11/16,123.2964
2022/11/17,123.9929
2022/11/18,123.8678
2022/11/21,124.7143
2022/11/22,124.251
2022/11/23,123.7739
2022/11/24,
2022/11/25,123.3547
2022/11/28,123.6181
2022/11/29,123.6703
2022/11/30,123.5276
2022/12/1,122.0147
2022/12/2,122.0218
2022/12/5,122.6511
2022/12/6,123.0319
2022/12/7,122.7716
2022/12/8,122.4275
2022/12/9,122.4343
2022/12/12,122.7861
2022/12/13,121.8644
2022/12/14,121.8391
2022/12/15,122.5684
2022/12/16,122.6647
2022/12/19,122.5438
2022/12/20,122.1502
2022/12/21,122.2965
2022/12/22,122.2525
2022/12/23,121.9843
2022/12/26,
2022/12/27,121.767
2022/12/28,122.02
2022/12/29,121.6713
2022/12/30,121.4392
2023/1/2,
2023/1/3,122.0844
2023/1/4,121.5108
2023/1/5,122.0786
2023/1/6,121.0814
2023/1/9,120.1403
2023/1/10,120.234
2023/1/11,120.1445
2023/1/12,119.4108
2023/1/13,119.1422
2023/1/16,
2023/1/17,119.2186
2023/1/18,119.08
2023/1/19,119.6033
2023/1/20,119.3588
2023/1/23,119.1671
2023/1/24,119.1174
2023/1/25,118.995
2023/1/26,119.0472
2023/1/27,118.9521
2023/1/30,118.9079
2023/1/31,118.991
2023/2/1,118.6396
2023/2/2,118.349
2023/2/3,119.5014
2023/2/6,120.5116
2023/2/7,120.3298
2023/2/8,120.139
2023/2/9,119.9785
2023/2/10,120.1531
2023/2/13,120.0145
2023/2/14,119.9601
2023/2/15,120.4926
2023/2/16,120.5069
2023/2/17,120.6023
2023/2/20,
2023/2/21,120.678
2023/2/22,120.8969
2023/2/23,121.141
2023/2/24,121.6297
2023/2/27,121.4656
2023/2/28,121.4062
2023/3/1,120.6971
2023/3/2,121.1949
2023/3/3,120.8468
2023/3/6,120.5776
2023/3/7,121.531
2023/3/8,121.5222
2023/3/9,121.5225
2023/3/10,121.2963
2023/3/13,120.9157
2023/3/14,121.052
2023/3/15,122.1149
2023/3/16,121.751
2023/3/17,121.5923
2023/3/20,121.0637
2023/3/21,120.9535
2023/3/22,120.6883
2023/3/23,119.8174
2023/3/24,120.5106
2023/3/27,120.3239
2023/3/28,119.7987
2023/3/29,119.8223
2023/3/30,119.5103
2023/3/31,119.4611
2023/4/3,119.4342
2023/4/4,119.2641
2023/4/5,119.4068
2023/4/6,119.4229
2023/4/7,119.4673
2023/4/10,119.8962
2023/4/11,119.6409
2023/4/12,119.1341
2023/4/13,118.5376
2023/4/14,118.983
2023/4/17,119.3981
2023/4/18,119.2345
2023/4/19,119.4377
2023/4/20,119.2525
2023/4/21,119.4472
2023/4/24,119.3486
2023/4/25,119.7551
2023/4/26,119.4758
2023/4/27,119.5754
2023/4/28,119.376
2023/5/1,119.5845
2023/5/2,119.7514
2023/5/3,119.2773
2023/5/4,119.19
2023/5/5,118.7184
2023/5/8,118.7415
2023/5/9,118.984
2023/5/10,118.7561
2023/5/11,119.1902
2023/5/12,119.5206
2023/5/15,119.3288
2023/5/16,119.3567
2023/5/17,119.7849
2023/5/18,120.2642
2023/5/19,119.9479
2023/5/22,120.2609
2023/5/23,120.4913
2023/5/24,120.6481
2023/5/25,121.0126
2023/5/26,120.8022
2023/5/29,
2023/5/30,120.7387
2023/5/31,121.1527
2023/6/1,120.2628
2023/6/2,120.2102
2023/6/5,120.2175
2023/6/6,120.1906
2023/6/7,120.0893
2023/6/8,119.8069
2023/6/9,119.6781
2023/6/12,119.889
2023/6/13,119.4641
2023/6/14,119.0646
2023/6/15,118.8447
2023/6/16,118.7168
2023/6/19,
2023/6/20,119.2458
2023/6/21,119.0438
2023/6/22,119.074
2023/6/23,119.4584
2023/6/26,119.4123
2023/6/27,119.235
2023/6/28,119.6759
2023/6/29,119.8659
2023/6/30,119.7118
2023/7/3,119.5618
2023/7/4,
2023/7/5,119.6971
2023/7/6,120.1579
2023/7/7,119.4293
2023/7/10,119.3179
2023/7/11,119.0891
2023/7/12,118.0104
2023/7/13,117.5569
2023/7/14,117.4209
2023/7/17,117.5139
2023/7/18,117.4145
2023/7/19,117.745
2023/7/20,117.9615
2023/7/21,118.3072
2023/7/24,118.1812
2023/7/25,118.1978
2023/7/26,118.1097
2023/7/27,118.2497
2023/7/28,118.1429
2023/7/31,118.1738
2023/8/1,118.9156
2023/8/2,119.4622
2023/8/3,119.7123
2023/8/4,119.1684
2023/8/7,119.4297
2023/8/8,119.987
2023/8/9,119.8273
2023/8/10,119.5248
2023/8/11,119.9929
2023/8/14,120.4451
2023/8/15,120.5927
2023/8/16,120.7308
2023/8/17,120.8924
2023/8/18,120.7937
2023/8/21,120.8271
2023/8/22,120.7274
2023/8/23,120.4036
2023/8/24,120.5987
2023/8/25,120.8752
2023/8/28,120.687
2023/8/29,120.6383
2023/8/30,120.187
2023/8/31,120.5882
2023/9/1,121.1011
2023/9/4,
2023/9/5,121.7785
2023/9/6,122.2029
2023/9/7,122.2903
2023/9/8,122.2933
2023/9/11,121.6757
2023/9/12,121.6301
2023/9/13,121.3981
2023/9/14,121.5744
2023/9/15,121.5361
2023/9/18,121.5414
2023/9/19,121.5175
2023/9/20,121.32
2023/9/21,121.8972
2023/9/22,121.8735
2023/9/25,122.4445
2023/9/26,122.795
2023/9/27,123.2947
2023/9/28,122.8562
2023/9/29,122.6332
2023/10/2,123.3573
2023/10/3,124.0624
2023/10/4,123.8848
2023/10/5,124.1752
2023/10/6,123.6561
2023/10/9,
2023/10/10,123.2437
2023/10/11,123.092
2023/10/12,123.5087
2023/10/13,123.8788
2023/10/16,123.621
2023/10/17,123.4334
2023/10/18,124.1001
2023/10/19,124.0861
2023/10/20,123.9049
2023/10/23,123.5935
2023/10/24,123.9249
2023/10/25,124.069
2023/10/26,124.285
2023/10/27,123.9145
2023/10/30,123.7044
2023/10/31,124.1229
2023/11/1,124.0801
2023/11/2,123.1995
2023/11/3,122.1006
2023/11/6,121.9692
2023/11/7,122.3882
2023/11/8,122.4055
2023/11/9,122.4434
2023/11/10,
2023/11/13,122.7389
2023/11/14,121.6865
2023/11/15,121.4035
2023/11/16,121.4953
2023/11/17,121.1657
2023/11/20,120.5653
2023/11/21,120.5182
2023/11/22,120.9757
2023/11/23,
2023/11/24,120.5285
2023/11/27,120.4893
2023/11/28,119.9174
2023/11/29,120.1246
2023/11/30,120.5421
2023/12/1,120.2542
2023/12/4,120.7669
2023/12/5,121.0731
2023/12/6,120.8348
2023/12/7,120.8938
2023/12/8,121.0499
2023/12/11,121.2212
2023/12/12,120.9825
2023/12/13,121.4667
2023/12/14,119.8952
2023/12/15,120.062
2023/12/18,120.2386
2023/12/19,119.8116
2023/12/20,119.8872
2023/12/21,119.6721
2023/12/22,119.4214
2023/12/25,
2023/12/26,119.2551
2023/12/27,118.8525
2023/12/28,118.762
2023/12/29,118.7686
2024/1/1,
2024/1/2,119.6165
2024/1/3,120.0407
2024/1/4,119.9775
2024/1/5,119.7474
2024/1/8,119.6237
2024/1/9,120.0296
2024/1/10,120.1258
2024/1/11,120.2516
2024/1/12,119.9009
2024/1/15,
2024/1/16,120.9213
2024/1/17,121.3823
2024/1/18,121.2366
2024/1/19,120.9947
2024/1/22,120.9687
2024/1/23,121.4244
2024/1/24,120.8336
2024/1/25,121.167
2024/1/26,120.9665
2024/1/29,121.1888
2024/1/30,120.9442
2024/1/31,120.7727
2024/2/1,120.6832
2024/2/2,121.2438
2024/2/5,121.6831
2024/2/6,121.3021
2024/2/7,121.2518
2024/2/8,121.4226
2024/2/9,121.3851
2024/2/12,121.2839
2024/2/13,121.8558
2024/2/14,121.7411
2024/2/15,121.5567
2024/2/16,121.4984
2024/2/19,
2024/2/20,121.3769
2024/2/21,121.3918
2024/2/22,121.4589
2024/2/23,121.3991
2024/2/26,121.4197
2024/2/27,121.3297
2024/2/28,121.4886
2024/2/29,121.5385
2024/3/1,121.3741
2024/3/4,121.2454
2024/3/5,121.2575
2024/3/6,120.8481
2024/3/7,120.5744
2024/3/8,120.3612
2024/3/11,120.4205
2024/3/12,120.5468
2024/3/13,120.3533
2024/3/14,120.6272
2024/3/15,120.7884
2024/3/18,120.9572
2024/3/19,121.3111
2024/3/20,121.3092
2024/3/21,121.1869
2024/3/22,121.5694
2024/3/25,121.4143
2024/3/26,121.4613
2024/3/27,121.4048
2024/3/28,121.4498
2024/3/29,121.4062
2024/4/1,121.8884
2024/4/2,121.6881
2024/4/3,121.4129
2024/4/4,121.1646
2024/4/5,121.3671
2024/4/8,121.1487
2024/4/9,121.1215
2024/4/10,121.9628
2024/4/11,122.003
2024/4/12,122.6566
2024/4/15,122.7932
2024/4/16,123.4732
2024/4/17,123.375
2024/4/18,123.3481
2024/4/19,123.4459
2024/4/22,123.4011
2024/4/23,123.0779
2024/4/24,123.2398
2024/4/25,123.1916
2024/4/26,123.3004
2024/4/29,122.9074
2024/4/30,123.3446
2024/5/1,123.3776
2024/5/2,122.8047
2024/5/3,122.5056
2024/5/6,122.2529
2024/5/7,122.4588
2024/5/8,122.5562
2024/5/9,122.5322
2024/5/10,122.3898
2024/5/13,122.4068
2024/5/14,122.3094
2024/5/15,121.7471
2024/5/16,121.6189
2024/5/17,121.638
2024/5/20,121.6377
2024/5/21,121.7864
2024/5/22,121.9514
2024/5/23,122.1493
2024/5/24,122.0215
2024/5/27,
2024/5/28,121.8382
2024/5/29,122.5535
2024/5/30,122.356
2024/5/31,122.4845
2024/6/3,122.7156
2024/6/4,123.0715
2024/6/5,122.9014
2024/6/6,122.7416
2024/6/7,123.8707
2024/6/10,124.2232
2024/6/11,124.345
2024/6/12,124.1411
2024/6/13,124.3287
2024/6/14,124.4755
2024/6/17,124.5427
2024/6/18,124.2835
2024/6/19,
2024/6/20,124.496
2024/6/21,124.4247
2024/6/24,124.0379
2024/6/25,124.26
2024/6/26,124.5696
2024/6/27,124.6406
2024/6/28,124.5172
2024/7/1,124.7723
2024/7/2,124.608
2024/7/3,124.1096
2024/7/4,
2024/7/5,123.8192
2024/7/8,123.706
2024/7/9,123.7559
2024/7/10,123.5508
2024/7/11,123.1267
2024/7/12,122.8093
2024/7/15,123.0059
2024/7/16,123.1024
2024/7/17,122.892
2024/7/18,123.1548
2024/7/19,123.5033
2024/7/22,123.5735
2024/7/23,123.7296
2024/7/24,123.8784
2024/7/25,123.8341
2024/7/26,123.9862
2024/7/29,124.4412
2024/7/30,124.576
2024/7/31,123.9223
2024/8/1,124.1551
2024/8/2,123.7169
2024/8/5,123.7919
2024/8/6,123.8794
2024/8/7,123.8126
2024/8/8,123.6961
2024/8/9,123.1964
2024/8/12,123.4942
2024/8/13,123.2819
2024/8/14,122.7057
2024/8/15,122.8791
2024/8/16,122.6944
2024/8/19,122.1762
2024/8/20,122.0677
2024/8/21,122.1407
2024/8/22,122.6371
2024/8/23,121.7525
2024/8/26,121.9678
2024/8/27,122.1318
2024/8/28,122.1586
2024/8/29,122.4706
2024/8/30,122.5582
2024/9/2,
2024/9/3,123.0052
2024/9/4,122.7434
2024/9/5,122.6747
2024/9/6,122.7145
2024/9/9,122.9408
2024/9/10,123.2266
2024/9/11,123.0007
2024/9/12,122.684
2024/9/13,121.9128
2024/9/16,121.7684
2024/9/17,121.8724
2024/9/18,121.8295
2024/9/19,121.5773
2024/9/20,121.6673
2024/9/23,121.687
2024/9/24,121.3868
2024/9/25,121.6868
2024/9/26,121.3274
2024/9/27,121.356
2024/9/30,121.5298
2024/10/1,121.9152
2024/10/2,121.8154
2024/10/3,122.3469
2024/10/4,122.4533
2024/10/7,122.6545
2024/10/8,122.9111
2024/10/9,123.1373
2024/10/10,123.3431
2024/10/11,123.2275
2024/10/14,
2024/10/15,123.773
2024/10/16,124.1606
2024/10/17,124.3466
2024/10/18,124.1511
2024/10/21,124.7004
2024/10/22,124.6396
2024/10/23,124.9181
2024/10/24,124.743
2024/10/25,124.8418
2024/10/28,125.0385
2024/10/29,125.0952
2024/10/30,125.0444
2024/10/31,125.0247
2024/11/1,125.0403
2024/11/4,124.8168
2024/11/5,124.7803
2024/11/6,125.9311
2024/11/7,125.016
2024/11/8,125.8066
2024/11/11,
2024/11/12,126.987
2024/11/13,127.1591
2024/11/14,127.2123
2024/11/15,127.1021
2024/11/18,126.8336
2024/11/19,126.6361
2024/11/20,127.1023
2024/11/21,127.3063
2024/11/22,127.6683
2024/11/25,127.211
2024/11/26,127.6435
2024/11/27,127.0601
2024/11/28,
2024/11/29,126.8114
2024/12/2,127.3499
2024/12/3,127.1983
2024/12/4,126.9956
2024/12/5,126.6638
2024/12/6,126.9271
2024/12/9,126.8394
2024/12/10,127.1884
2024/12/11,127.095
2024/12/12,127.2039
2024/12/13,127.5569
2024/12/16,127.5235
2024/12/17,127.7565
2024/12/18,127.8936
2024/12/19,128.8598
2024/12/20,128.1411
2024/12/23,128.5356
2024/12/24,128.5651
2024/12/25,
2024/12/26,128.5679
2024/12/27,128.6972
2024/12/30,129.0474
2024/12/31,129.488
2025/1/1,
2025/1/2,129.6666
2025/1/3,129.6721